date,ic
2018-02-13,-0.10294117647058824
2018-02-14,-0.26470588235294124
2018-02-22,-0.4387254901960785
2018-02-23,-0.18872549019607845
2018-02-26,-0.012254901960784315
2018-02-27,-0.5000000000000001
2018-02-28,-0.02450980392156863
2018-03-01,-0.08823529411764706
2018-03-02,0.3970588235294118
2018-03-05,-0.5343137254901961
2018-03-06,0.36274509803921573
2018-03-07,-0.3237278352189709
2018-03-08,0.13480392156862747
2018-03-09,-0.08823529411764706
2018-03-12,-0.4607843137254902
2018-03-13,-0.6544117647058824
2018-03-14,0.2622549019607843
2018-03-15,-0.2303921568627451
2018-03-16,0.4460784313725491
2018-03-19,-0.678921568627451
2018-03-20,0.02450980392156863
2018-03-21,-0.6989578260409599
2018-03-22,-0.08578431372549021
2018-03-23,0.07598039215686275
2018-03-26,-0.2624157452153779
2018-03-27,0.7475490196078433
2018-03-28,-0.49509803921568635
2018-03-29,0.6299019607843138
2018-03-30,0.4324337377056014
2018-04-02,-0.17044761020998847
2018-04-03,-0.38480392156862747
2018-04-04,0.11519607843137256
2018-04-09,-0.40441176470588236
2018-04-10,-0.009803921568627453
2018-04-11,0.22058823529411767
2018-04-12,-0.08088235294117649
2018-04-13,0.1508277414088387
2018-04-16,0.4387254901960785
2018-04-17,0.1729000938101322
2018-04-18,-0.12745098039215688
2018-04-19,0.4093137254901961
2018-04-20,-0.18627450980392157
2018-04-23,-0.5334151830312589
2018-04-24,-0.5490196078431373
2018-04-25,-0.47794117647058826
2018-04-26,-0.13480392156862747
2018-04-27,0.03431372549019608
2018-05-02,0.19374620441135382
2018-05-03,-0.4819130274282408
2018-05-04,-0.38480392156862747
2018-05-07,-0.26470588235294124
2018-05-08,0.0036787254002155784
2018-05-09,0.7377450980392158
2018-05-10,-0.29411764705882354
2018-05-11,0.14347029060840757
2018-05-14,0.004901960784313726
2018-05-15,0.10294117647058824
2018-05-16,0.5098039215686275
2018-05-17,0.1936274509803922
2018-05-18,-0.058859606403449255
2018-05-21,-0.056372549019607844
2018-05-22,-0.5073529411764706
2018-05-23,-0.3995098039215687
2018-05-24,-0.42892156862745107
2018-05-25,-0.3970588235294118
2018-05-28,0.49019607843137264
2018-05-29,0.44117647058823534
2018-05-30,-0.15441176470588236
2018-05-31,0.31127450980392163
2018-06-01,0.43137254901960786
2018-06-04,-0.6470588235294119
2018-06-05,0.5245098039215687
2018-06-06,0.2942980320172463
2018-06-07,0.01715686274509804
2018-06-08,0.6004901960784315
2018-06-11,-0.26470588235294124
2018-06-12,0.6817904408399539
2018-06-13,0.2636419870154498
2018-06-14,0.6225490196078433
2018-06-15,0.625
2018-06-19,-0.3175966262186116
2018-06-20,0.8455882352941178
2018-06-21,-0.6421568627450981
2018-06-22,0.7475490196078433
2018-06-25,-0.5882352941176471
2018-06-26,0.5343137254901961
2018-06-27,0.10539215686274511
2018-06-28,-0.6535868794383012
2018-06-29,0.7965686274509804
2018-07-02,0.38970588235294124
2018-07-03,0.3308823529411765
2018-07-04,0.3088235294117647
2018-07-05,0.058823529411764705
2018-07-06,-0.6421568627450981
2018-07-09,-0.2034313725490196
2018-07-10,0.6421568627450981
2018-07-11,-0.7769607843137256
2018-07-12,-0.25490196078431376
2018-07-13,0.22113088859945526
2018-07-16,-0.3995098039215687
2018-07-17,0.2034313725490196
2018-07-18,-0.18382352941176472
2018-07-19,0.10423055300610805
2018-07-20,-0.5955882352941178
2018-07-23,-0.16176470588235298
2018-07-24,0.23666466741386888
2018-07-25,-0.10539215686274511
2018-07-26,-0.3921568627450981
2018-07-27,-0.10049019607843139
2018-07-30,-0.3872549019607844
2018-07-31,0.46323529411764713
2018-08-01,0.35294117647058826
2018-08-02,0.7696078431372549
2018-08-03,0.5955882352941178
2018-08-06,-0.732843137254902
2018-08-07,0.7401960784313727
2018-08-08,-0.8970588235294119
2018-08-09,-0.5490196078431373
2018-08-10,-0.49019607843137264
2018-08-13,-0.16431640120962918
2018-08-14,-0.10049019607843139
2018-08-15,0.4534313725490197
2018-08-16,0.2573529411764706
2018-08-17,0.03676470588235294
2018-08-20,-0.7916666666666667
2018-08-21,0.5637254901960785
2018-08-22,-0.45370946602658807
2018-08-23,0.7688536086450559
2018-08-24,-0.34803921568627455
2018-08-27,-0.07357450800431158
2018-08-28,0.012254901960784315
2018-08-29,0.37009803921568635
2018-08-30,-0.24019607843137256
2018-08-31,-0.21827104041279102
2018-09-03,0.24264705882352944
2018-09-04,0.5392156862745099
2018-09-05,0.10177806940596433
2018-09-06,-0.5980392156862745
2018-09-07,0.3872549019607844
2018-09-10,-0.058823529411764705
2018-09-11,0.5269607843137256
2018-09-12,-0.38970588235294124
2018-09-13,-0.08215820060481459
2018-09-14,0.5039853798295343
2018-09-17,-0.6887254901960785
2018-09-18,0.006131209000359298
2018-09-19,0.004901960784313726
2018-09-20,0.12500000000000003
2018-09-21,-0.16176470588235298
2018-09-25,0.42060093742464777
2018-09-26,0.07107843137254903
2018-09-27,-0.060085848203521114
2018-09-28,-0.18627450980392157
2018-10-08,-0.16666666666666669
2018-10-09,-0.07107843137254903
2018-10-10,0.5882352941176471
2018-10-11,-0.33108528601940207
2018-10-12,0.7009803921568628
2018-10-15,0.5686274509803922
2018-10-16,-0.12017169640704224
2018-10-17,0.6004901960784315
2018-10-18,-0.5759803921568628
2018-10-19,-0.7058823529411765
2018-10-22,0.47058823529411764
2018-10-23,0.1692213684099166
2018-10-24,0.6229308344365047
2018-10-25,-0.5612745098039216
2018-10-26,0.16176470588235298
2018-10-29,0.26960784313725494
2018-10-30,-0.7622549019607844
2018-10-31,-0.6372549019607844
2018-11-01,-0.6960784313725491
2018-11-02,0.25505829441494676
2018-11-05,-0.29901960784313725
2018-11-06,-0.47455557662780967
2018-11-07,-0.7181372549019608
2018-11-08,0.0515021556030181
2018-11-09,0.1998774134117131
2018-11-12,-0.28921568627450983
2018-11-13,0.34558823529411764
2018-11-14,0.6495098039215687
2018-11-15,-0.16186391760948546
2018-11-16,0.03676470588235294
2018-11-19,-0.34558823529411764
2018-11-20,0.6642156862745099
2018-11-21,-0.04656862745098039
2018-11-22,-0.14705882352941177
2018-11-23,0.05147058823529412
2018-11-26,-0.2573529411764706
2018-11-27,-0.4558823529411765
2018-11-28,0.283435796180438
2018-11-29,-0.04901960784313726
2018-11-30,-0.35070515482055187
2018-12-03,-0.45098039215686275
2018-12-04,-0.286764705882353
2018-12-05,-0.7401960784313727
2018-12-06,-0.28186274509803927
2018-12-07,0.21813725490196081
2018-12-10,0.41666666666666674
2018-12-11,-0.1936274509803922
2018-12-12,0.018393627001077894
2018-12-13,0.5857843137254902
2018-12-14,0.34068627450980393
2018-12-17,0.6887254901960785
2018-12-18,0.39117113422292316
2018-12-19,-0.2524509803921569
2018-12-20,0.6421568627450981
2018-12-21,0.29901960784313725
2018-12-24,0.8210784313725491
2018-12-25,0.41421568627450983
2018-12-26,-0.3088235294117647
2018-12-27,-0.10294117647058824
2018-12-28,0.26470588235294124
2019-01-02,-0.28186274509803927
2019-01-03,-0.732843137254902
2019-01-04,-0.4852941176470589
2019-01-07,-0.27941176470588236
2019-01-08,-0.6004901960784315
2019-01-09,0.24509803921568632
2019-01-10,0.002450980392156863
2019-01-11,-0.06372549019607844
2019-01-14,-0.06372549019607844
2019-01-15,0.002450980392156863
2019-01-16,-0.14215686274509806
2019-01-17,0.12500000000000003
2019-01-18,0.019607843137254905
2019-01-21,-0.18382352941176472
2019-01-22,-0.7107843137254903
2019-01-23,-0.3776824744221327
2019-01-24,0.5612745098039216
2019-01-25,-0.19117647058823534
2019-01-28,0.5187002814303966
2019-01-29,0.303921568627451
2019-01-30,0.42401960784313725
2019-01-31,-0.4558823529411765
2019-02-01,-0.6053921568627452
2019-02-11,-0.2843137254901961
2019-02-12,0.3137254901960785
2019-02-13,0.29411764705882354
2019-02-14,-0.5514705882352942
2019-02-15,0.661764705882353
2019-02-18,-0.4078636389723286
2019-02-19,-0.07970571700467087
2019-02-20,-0.03921568627450981
2019-02-21,0.6838235294117648
2019-02-22,0.625
2019-02-25,-0.5759803921568628
2019-02-26,-0.41277765871898314
2019-02-27,0.20833333333333337
2019-02-28,0.7622549019607844
2019-03-01,0.8161764705882354
2019-03-04,0.5000000000000001
2019-03-05,0.09803921568627452
2019-03-06,-0.012254901960784315
2019-03-07,-0.8725490196078433
2019-03-08,0.8259803921568629
2019-03-11,0.5297364576310434
2019-03-12,-0.8461068420495832
2019-03-13,-0.7083333333333334
2019-03-14,-0.286764705882353
2019-03-15,0.012254901960784315
2019-03-18,-0.056372549019607844
2019-03-19,0.049049672002874384
2019-03-20,-0.28921568627450983
2019-03-21,0.19607843137254904
2019-03-22,-0.3872549019607844
2019-03-25,-0.5370939084314745
2019-03-26,-0.1593137254901961
2019-03-27,-0.20833333333333337
2019-03-28,-0.4093137254901961
2019-03-29,0.09313725490196079
2019-04-01,-0.5800123714339895
2019-04-02,0.5955882352941178
2019-04-03,0.42892156862745107
2019-04-04,-0.35784313725490197
2019-04-08,0.2034313725490196
2019-04-09,-0.08333333333333334
2019-04-10,-0.12745098039215688
2019-04-11,-0.45370946602658807
2019-04-12,0.6102941176470589
2019-04-15,-0.25980392156862747
2019-04-16,-0.09068627450980393
2019-04-17,0.21813725490196081
2019-04-18,-0.11029411764705883
2019-04-19,-0.3960761014232106
2019-04-22,-0.18627450980392157
2019-04-23,0.31127450980392163
2019-04-24,0.3602941176470589
2019-04-25,-0.03921568627450981
2019-04-26,0.4460784313725491
2019-04-29,-0.2562845362150187
2019-04-30,0.6470588235294119
2019-05-06,-0.22303921568627455
2019-05-07,0.12990196078431374
2019-05-08,0.5000000000000001
2019-05-09,-0.8410732714138286
2019-05-10,0.6897636262737855
2019-05-13,0.3415892672858617
2019-05-14,-0.2549019607843137
2019-05-15,-0.16623647026887503
2019-05-16,-0.3312693498452013
2019-05-17,-0.3952528379772961
2019-05-20,-0.6824988002964372
2019-05-21,0.38409917354050627
2019-05-22,0.09558823529411767
2019-05-23,-0.1610738469685994
2019-05-24,-0.6442953878743976
2019-05-27,0.011351909184726523
2019-05-28,0.28291175685510406
2019-05-29,-0.029943215141598603
2019-05-30,0.48813209494324045
2019-05-31,0.4674922600619195
2019-06-03,-0.1393188854489164
2019-06-04,-0.5706914344685242
2019-06-05,0.22187822497420018
2019-06-06,-0.48194014447884415
2019-06-10,-0.406814716061719
2019-06-11,0.739938080495356
2019-06-12,-0.3630754231948849
2019-06-13,0.052631578947368425
2019-06-14,0.07946336429308565
2019-06-17,0.3271223284865639
2019-06-18,-0.11661506707946334
2019-06-19,-0.07946336429308565
2019-06-20,-0.3622291021671827
2019-06-21,0.4654282765737873
2019-06-24,-0.15441176470588236
2019-06-25,-0.16202270381836945
2019-06-26,0.47368421052631576
2019-06-27,0.021671826625386997
2019-06-28,0.2528379772961816
2019-07-01,0.2870418554953245
2019-07-02,-0.3766769865841073
2019-07-03,-0.16235815491002145
2019-07-04,0.3582860570391281
2019-07-05,-0.3766769865841073
2019-07-08,0.20330237358101136
2019-07-09,0.18885448916408668
2019-07-10,0.12899896800825592
2019-07-11,-0.009287925696594427
2019-07-12,-0.1496388028895769
2019-07-15,-0.6367389060887513
2019-07-16,-0.3138874966567578
2019-07-17,-0.27941176470588236
2019-07-18,0.5784313725490197
2019-07-19,-0.1847265221878225
2019-07-22,-0.12990196078431374
2019-07-23,-0.5073529411764706
2019-07-24,-0.018429137359917087
2019-07-25,-0.24736842105263157
2019-07-26,0.5701754385964912
2019-07-29,-0.04563405441503279
2019-07-30,0.012280701754385965
2019-07-31,-0.13333333333333333
2019-08-01,0.20526315789473687
2019-08-02,0.28070175438596495
2019-08-05,0.3192982456140351
2019-08-06,0.5037593984962406
2019-08-07,-0.18596491228070175
2019-08-08,0.3684210526315789
2019-08-09,-0.4738623877793827
2019-08-12,0.44060150375939844
2019-08-13,-0.2300751879699248
2019-08-14,0.5097744360902255
2019-08-15,0.3744360902255639
2019-08-16,-0.024060150375939848
2019-08-19,-0.6300751879699248
2019-08-20,0.2781954887218045
2019-08-21,0.29409554543133115
2019-08-22,-0.40451127819548865
2019-08-23,-0.1789473684210526
2019-08-26,0.5428571428571428
2019-08-27,0.5669172932330826
2019-08-28,0.5834586466165413
2019-08-29,-0.41654135338345866
2019-08-30,0.3293233082706767
2019-09-02,0.34285714285714286
2019-09-03,0.02857142857142857
2019-09-04,0.2902255639097744
2019-09-05,-0.024060150375939848
2019-09-06,0.6436090225563909
2019-09-09,-0.024060150375939848
2019-09-10,-0.4270676691729323
2019-09-11,0.4842105263157894
2019-09-12,0.27518796992481204
2019-09-16,-0.3984962406015037
2019-09-17,-0.4947368421052631
2019-09-18,-0.29774436090225564
2019-09-19,0.4300751879699248
2019-09-20,0.0015037593984962405
2019-09-23,0.08270676691729321
2019-09-24,-0.28872180451127816
2019-09-25,-0.21511848080143406
2019-09-26,0.006015037593984962
2019-09-27,0.5338345864661653
2019-09-30,-0.24661654135338343
2019-10-08,-0.5924812030075187
2019-10-09,-0.5759398496240601
2019-10-10,0.12030075187969923
2019-10-11,-0.044377588696799336
2019-10-14,0.30526315789473685
2019-10-15,-0.14436090225563908
2019-10-16,-0.030086500811389378
2019-10-17,0.30977443609022554
2019-10-18,0.28506959518791436
2019-10-21,-0.30387365819503276
2019-10-22,0.19999999999999998
2019-10-23,0.2827067669172932
2019-10-24,-0.33684210526315783
2019-10-25,-0.6842105263157895
2019-10-28,0.5578947368421052
2019-10-29,-0.012030075187969924
2019-10-30,0.38947368421052625
2019-10-31,-0.40751879699248117
2019-11-01,0.3443609022556391
2019-11-04,0.0
2019-11-05,-0.012030075187969924
2019-11-06,0.15037593984962402
2019-11-07,-0.05530474040632054
2019-11-08,-0.11578947368421053
2019-11-11,0.6526315789473683
2019-11-12,-0.052651376419931416
2019-11-13,-0.28120300751879695
2019-11-14,0.2526315789473684
2019-11-15,-0.17224521714520422
2019-11-18,-0.3413533834586466
2019-11-19,-0.13684210526315788
2019-11-20,-0.4646616541353384
2019-11-21,-0.05413533834586466
2019-11-22,0.009022556390977442
2019-11-25,0.10229410275872389
2019-11-26,-0.006015037593984962
2019-11-27,0.3810245284882881
2019-11-28,0.14655552090981683
2019-11-29,0.33696880908756105
2019-12-02,-0.26616541353383455
2019-12-03,0.08421052631578946
2019-12-04,0.23759398496240602
2019-12-05,0.07825432656132428
2019-12-06,-0.1985709053551699
2019-12-09,0.3398496240601503
2019-12-10,-0.4947368421052631
2019-12-11,-0.13684210526315788
2019-12-12,0.5338345864661653
2019-12-13,0.3669172932330827
2019-12-16,0.16842105263157892
2019-12-17,-0.11884167820498805
2019-12-18,0.048120300751879695
2019-12-19,-0.4330827067669173
2019-12-20,-0.5233082706766917
2019-12-23,0.5804511278195488
2019-12-24,0.12180451127819547
2019-12-25,0.08872180451127819
2019-12-26,-0.058668676582209284
2019-12-27,-0.29624060150375936
2019-12-30,-0.16547575446264157
2019-12-31,0.6481203007518795
2020-01-02,-0.12180451127819547
2020-01-03,0.10375939849624059
2020-01-06,0.41052631578947363
2020-01-07,0.03909774436090225
2020-01-08,0.009022556390977442
2020-01-09,-0.5639097744360902
2020-01-10,0.6649116679317053
2020-01-13,-0.16691729323308271
2020-01-14,-0.1744360902255639
2020-01-15,0.16315789473684209
2020-01-16,-0.18345864661654135
2020-01-17,0.4162888534093606
2020-01-20,-0.03157894736842105
2020-01-21,0.29172932330827067
2020-01-22,0.14675324675324675
2020-01-23,-0.14935064935064934
2020-02-03,-0.28831168831168835
2020-02-04,-0.5376623376623377
2020-02-05,-0.6753246753246753
2020-02-06,0.15844155844155844
2020-02-07,-0.15584415584415584
2020-02-10,0.16103896103896104
2020-02-11,0.6181818181818182
2020-02-12,0.14887218045112782
2020-02-13,-0.042348955392433656
2020-02-14,0.313470783468803
2020-02-17,0.1326933935629588
2020-02-18,-0.33709768492377196
2020-02-19,0.4320813501867285
2020-02-20,0.8543195934500282
2020-02-21,0.8452851496329757
2020-02-24,0.36984754376058726
2020-02-25,-0.30208921513269343
2020-02-26,0.18690005646527386
2020-02-27,-0.2930547713156409
2020-02-28,-0.11522169338312761
2020-03-02,0.11462450592885377
2020-03-03,0.27449874011862757
2020-03-04,0.2473877534402446
2020-03-05,0.11123658949745907
2020-03-06,0.20835686053077357
2020-03-09,0.19706380575945792
2020-03-10,0.3901750423489555
2020-03-11,0.4692264257481649
2020-03-12,0.43534726143421804
2020-03-13,0.163184641445511
2020-03-16,-0.1044607566346697
2020-03-17,0.6284584980237156
2020-03-18,0.05251270468661773
2020-03-19,-0.4319593450028233
2020-03-20,0.4014680971202711
2020-03-23,-0.6137775268210052
2020-03-24,-0.7210615471485038
2020-03-25,0.41840767927724454
2020-03-26,-0.09440367819737536
2020-03-27,0.2523997741389046
2020-03-30,0.03767457165248081
2020-03-31,-0.2524710634424414
2020-04-01,-0.7142857142857144
2020-04-02,0.44325239977413894
2020-04-03,-0.4590626764539809
2020-04-07,0.3551665725578769
2020-04-08,0.06606437041219651
2020-04-09,-0.5121400338791644
2020-04-10,-0.5166572557876906
2020-04-13,0.2439988801054467
2020-04-14,0.12845849802371542
2020-04-15,-0.3853754940711462
2020-04-16,0.31521739130434784
2020-04-17,-0.3314511575381141
2020-04-20,-0.5227272727272728
2020-04-21,-0.017786561264822136
2020-04-22,-0.24604743083003952
2020-04-23,-0.6004447922371976
2020-04-24,0.004940711462450594
2020-04-27,-0.10474308300395258
2020-04-28,0.07509881422924902
2020-04-29,-0.15217391304347824
2020-04-30,-0.5513833992094862
2020-05-06,-0.5573122529644269
2020-05-07,0.24017791689487905
2020-05-08,-0.1274703557312253
2020-05-11,0.13721061547148505
2020-05-12,-0.04150197628458498
2020-05-13,0.19466403162055337
2020-05-14,-0.017786561264822136
2020-05-15,-0.34189723320158105
2020-05-18,-0.10671936758893281
2020-05-19,-0.0009881422924901185
2020-05-20,-0.20948616600790515
2020-05-21,-0.21047430830039524
2020-05-22,0.7565217391304346
2020-05-25,0.17043478260869566
2020-05-26,0.37529898691068464
2020-05-27,0.3053359683794466
2020-05-28,-0.21565217391304345
2020-05-29,-0.2817391304347826
2020-06-01,0.2939130434782608
2020-06-02,0.05826086956521739
2020-06-03,0.13829093608064624
2020-06-04,0.23565217391304347
2020-06-05,0.30484888739790256
2020-06-08,0.657391304347826
2020-06-09,-0.09217391304347824
2020-06-10,-0.8217391304347826
2020-06-11,-0.3963429822010144
2020-06-12,-0.4548815067306792
2020-06-15,0.06869565217391303
2020-06-16,-0.32695652173913037
2020-06-17,0.015810276679841896
2020-06-18,-0.018774703557312256
2020-06-19,-0.18972332015810275
2020-06-22,0.4418351920060899
2020-06-23,-0.022613612189288066
2020-06-24,-0.2757121178463199
2020-06-29,0.6599999999999999
2020-06-30,0.0826086956521739
2020-07-01,0.2478260869565217
2020-07-02,0.37217391304347824
2020-07-03,0.6565217391304347
2020-07-06,0.1391304347826087
2020-07-07,0.6834782608695652
2020-07-08,0.6608695652173912
2020-07-09,0.01217391304347826
2020-07-10,0.6
2020-07-13,0.05039525691699605
2020-07-14,-0.4460869565217391
2020-07-15,-0.7895652173913044
2020-07-16,0.2756521739130435
2020-07-17,-0.1973913043478261
2020-07-20,0.3904347826086956
2020-07-21,-0.03305066396895948
2020-07-22,0.14959774217529026
2020-07-23,0.0909090909090909
2020-07-24,0.05928853754940712
2020-07-27,0.12046097262370757
2020-07-28,-0.4323619373782574
2020-07-29,-0.013913043478260868
2020-07-30,0.05632411067193676
2020-07-31,-0.2121739130434782
2020-08-03,-0.4170471940293703
2020-08-04,0.5956521739130434
2020-08-05,0.07304347826086956
2020-08-06,0.28086956521739126
2020-08-07,-0.12956521739130433
2020-08-10,-0.008695652173913044
2020-08-11,-0.16403162055335968
2020-08-12,0.43083003952569177
2020-08-13,-0.6943415087187347
2020-08-14,-0.3417391304347826
2020-08-17,-0.17478260869565218
2020-08-18,0.20178300107364736
2020-08-19,-0.37739130434782603
2020-08-20,-0.027826086956521737
2020-08-21,0.0682757137253505
2020-08-24,-0.044466403162055336
2020-08-25,-0.04434782608695652
2020-08-26,0.009565217391304347
2020-08-27,-0.23715415019762848
2020-08-28,-0.0017391304347826085
2020-08-31,-0.04869565217391304
2020-09-01,0.25565217391304346
2020-09-02,-0.2069565217391304
2020-09-03,-0.38608695652173913
2020-09-04,-0.4478260869565217
2020-09-07,0.1695652173913043
2020-09-08,0.5530434782608695
2020-09-09,0.15415019762845852
2020-09-10,-0.2069565217391304
2020-09-11,-0.2223320158102767
2020-09-14,-0.4860869565217391
2020-09-15,0.1060869565217391
2020-09-16,-0.15565217391304348
2020-09-17,-0.17913043478260868
2020-09-18,0.3944335818400822
2020-09-21,0.05237154150197629
2020-09-22,-0.19913043478260867
2020-09-23,0.45217391304347826
2020-09-24,-0.03853754940711463
2020-09-25,0.011304347826086955
2020-09-28,-0.0800395256916996
2020-09-29,0.047826086956521734
2020-09-30,-0.2695652173913043
2020-10-09,-0.3448616600790514
2020-10-12,-0.1434782608695652
2020-10-13,-0.15217391304347824
2020-10-14,-0.5192433260386529
2020-10-15,-0.437391304347826
2020-10-16,-0.786086956521739
2020-10-19,0.8191304347826085
2020-10-20,0.09652173913043478
2020-10-21,0.4300935087539595
2020-10-22,-0.002608695652173913
2020-10-23,0.1417391304347826
2020-10-26,-0.09130434782608696
2020-10-27,0.03043478260869565
2020-10-28,0.17687747035573123
2020-10-29,0.46086956521739125
2020-10-30,0.07130434782608694
2020-11-02,-0.568695652173913
2020-11-03,-0.2295652173913043
2020-11-04,0.2713043478260869
2020-11-05,-0.05304347826086955
2020-11-06,0.20608695652173914
2020-11-09,-0.2773913043478261
2020-11-10,0.02695652173913043
2020-11-11,0.16086956521739126
2020-11-12,-0.5146153846153847
2020-11-13,0.32923076923076927
2020-11-16,0.2582608695652174
2020-11-17,0.09
2020-11-18,-0.4870167429962571
2020-11-19,0.06692307692307692
2020-11-20,0.4776923076923077
2020-11-23,0.2915384615384616
2020-11-24,-0.13615384615384615
2020-11-25,-0.03
2020-11-26,0.1678260869565217
2020-11-27,0.07218960814272729
2020-11-30,-0.2815384615384615
2020-12-01,-0.5191304347826087
2020-12-02,-0.27
2020-12-03,-0.21913043478260866
2020-12-04,-0.006153846153846154
2020-12-07,0.30076923076923073
2020-12-08,0.03
2020-12-09,0.025774187820497015
2020-12-10,0.5653846153846154
2020-12-11,0.3146153846153846
2020-12-14,-0.20153846153846153
2020-12-15,0.6276923076923077
2020-12-16,-0.15000000000000002
2020-12-17,0.05693402682736654
2020-12-18,-0.3946153846153846
2020-12-21,0.08538461538461539
2020-12-22,0.08846153846153845
2020-12-23,0.3030769230769231
2020-12-24,0.24
2020-12-25,0.6292307692307691
2020-12-28,-0.44341880341880335
2020-12-29,-0.06598290598290597
2020-12-30,-0.17384615384615384
2020-12-31,-0.12692307692307694
2021-01-04,-0.06256410256410255
2021-01-05,0.26568644600993774
2021-01-06,0.007863247863247862
2021-01-07,-0.3490598290598291
2021-01-08,-0.2558184313526943
2021-01-11,0.30393162393162393
2021-01-12,0.06702000439890321
2021-01-13,-0.12273504273504272
2021-01-14,-0.3107692307692307
2021-01-15,-0.22188034188034186
2021-01-18,0.0037606837606837602
2021-01-19,0.31692307692307686
2021-01-20,-0.5083760683760683
2021-01-21,-0.02222222222222222
2021-01-22,0.308034188034188
2021-01-25,-0.5042735042735041
2021-01-26,0.2766284875444525
2021-01-27,-0.38598290598290597
2021-01-28,0.10974358974358973
2021-01-29,-0.2717948717948718
2021-02-01,-0.0988034188034188
2021-02-02,0.3613675213675213
2021-02-03,0.30735042735042734
2021-02-04,0.7162393162393161
2021-02-05,-0.13025641025641024
2021-02-08,-0.5392307692307693
2021-02-09,0.28136752136752136
2021-02-10,-0.08717948717948718
2021-02-18,-0.3565811965811965
2021-02-19,0.13846153846153844
2021-02-22,-0.6083091215594326
2021-02-23,-0.15213675213675212
2021-02-24,0.5186324786324785
2021-02-25,-0.1029059829059829
2021-02-26,-0.5452991452991452
2021-03-01,0.05846153846153846
2021-03-02,-0.27247863247863247
2021-03-03,0.5247863247863247
2021-03-04,-0.2567521367521367
2021-03-05,0.2300854700854701
2021-03-08,0.07965811965811966
2021-03-09,-0.2321367521367521
2021-03-10,-0.3011965811965812
2021-03-11,0.25406052687951575
2021-03-12,0.5316239316239316
2021-03-15,-0.31937083728865095
2021-03-16,-0.7305982905982905
2021-03-17,-0.019487179487179485
2021-03-18,-0.228034188034188
2021-03-19,-0.40170940170940167
2021-03-22,0.3107692307692307
2021-03-23,0.29504273504273504
2021-03-24,-0.15418803418803417
2021-03-25,-0.557997557997558
2021-03-26,-0.04240041094624489
2021-03-29,-0.18037318535296692
2021-03-30,-0.02564102564102564
2021-03-31,0.0231990231990232
2021-04-01,-0.11965811965811966
2021-04-02,0.053113553113553105
2021-04-06,-0.18778625954198472
2021-04-07,0.2838827838827839
2021-04-08,-0.2045177045177045
2021-04-09,-0.17768279858975758
2021-04-12,-0.5183941443391896
2021-04-13,-0.38583638583638585
2021-04-14,-0.02564102564102564
2021-04-15,-0.0995115995115995
2021-04-16,-0.3565323565323565
2021-04-19,-0.2564102564102564
2021-04-20,0.011295985477355722
2021-04-21,0.4658830767147252
2021-04-22,0.3336895169391839
2021-04-23,-0.3352160014631509
2021-04-26,0.030525030525030524
2021-04-27,0.02869352869352869
2021-04-28,-0.06654456654456653
2021-04-29,0.3675213675213675
2021-04-30,-0.2838827838827839
2021-05-06,-0.13675213675213677
2021-05-07,0.46092796092796096
2021-05-10,-0.5339035815967031
2021-05-11,-0.020146520146520144
2021-05-12,-0.3772893772893773
2021-05-13,-0.5494505494505495
2021-05-14,0.19474969474969472
2021-05-17,-0.46581196581196577
2021-05-18,0.5201465201465202
2021-05-19,0.17704517704517705
2021-05-20,-0.5989010989010989
2021-05-21,0.673992673992674
2021-05-24,-0.0036630036630036626
2021-05-25,-0.3052503052503053
2021-05-26,0.4023199023199023
2021-05-27,-0.2631257631257631
2021-05-28,0.6076066011350164
2021-05-31,-0.021367521367521368
2021-06-01,-0.5726495726495726
2021-06-02,-0.6001229878777526
2021-06-03,0.30219780219780223
2021-06-04,0.057395818101158805
2021-06-07,-0.44688644688644685
2021-06-08,0.12944588763240072
2021-06-09,-0.1562881562881563
2021-06-10,-0.4597069597069597
2021-06-11,0.33124714170083674
2021-06-15,-0.3455433455433455
2021-06-16,0.18681318681318682
2021-06-17,0.13125763125763126
2021-06-18,0.07081807081807082
2021-06-21,-0.05555555555555555
2021-06-22,0.20695970695970692
2021-06-23,-0.39383300718348335
2021-06-24,0.1862026862026862
2021-06-25,0.4218559218559218
2021-06-28,-0.019536019536019536
2021-06-29,0.3498168498168498
2021-06-30,-0.22039072039072038
2021-07-01,-0.052503052503052504
2021-07-02,0.2936507936507936
2021-07-05,-0.23931623931623933
2021-07-06,-0.028083028083028084
2021-07-07,-0.020757020757020756
2021-07-08,0.1172161172161172
2021-07-09,0.3492063492063492
2021-07-12,-0.4706959706959707
2021-07-13,-0.4725274725274725
2021-07-14,0.0006105006105006105
2021-07-15,0.12120287120297897
2021-07-16,0.06471306471306472
2021-07-19,0.06288156288156288
2021-07-20,-0.40170940170940167
2021-07-21,-0.2600732600732601
2021-07-22,0.07357655405520891
2021-07-23,0.2264957264957265
2021-07-26,-0.03174603174603174
2021-07-27,-0.3919413919413919
2021-07-28,-0.28266178266178266
2021-07-29,0.22866738169025505
2021-07-30,-0.40415140415140416
2021-08-02,-0.4065934065934066
2021-08-03,0.2869352869352869
2021-08-04,-0.028083028083028084
2021-08-05,0.05363984674329502
2021-08-06,-0.08319649698960044
2021-08-09,0.3442802408319649
2021-08-10,0.17077175697865354
2021-08-11,0.08593322386425835
2021-08-12,0.2895457033388068
2021-08-13,-0.24575807334428024
2021-08-16,-0.1231527093596059
2021-08-17,-0.1231527093596059
2021-08-18,-0.28575338983897636
2021-08-19,0.42036124794745483
2021-08-20,-0.5084838533114395
2021-08-23,-0.29064039408866993
2021-08-24,-0.5747913014002398
2021-08-25,-0.3798576902025178
2021-08-26,0.2463054187192118
2021-08-27,0.5873015873015873
2021-08-30,0.32457580733442803
2021-08-31,-0.3858784893267652
2021-09-01,0.5433146348949885
2021-09-02,-0.0049261083743842365
2021-09-03,-0.12807881773399013
2021-09-06,0.25013683634373285
2021-09-07,0.6655719759168035
2021-09-08,-0.22879036672140118
2021-09-09,-0.05473453749315818
2021-09-10,0.5737749794689296
2021-09-13,-0.47181171319102355
2021-09-14,0.4367816091954023
2021-09-15,0.24356869184455393
2021-09-16,-0.5440613026819923
2021-09-17,-0.07881773399014778
2021-09-22,0.02353585112205802
2021-09-23,0.06841817186644773
2021-09-24,-0.013136288998357963
2021-09-27,0.08430272420536851
2021-09-28,0.3946360153256705
2021-09-29,-0.015873015873015872
2021-09-30,0.31910235358511224
2021-10-08,-0.09469074986316366
2021-10-11,0.27316272323687585
2021-10-12,0.09031198686371099
2021-10-13,-0.19649698960043788
2021-10-14,-0.32074438970990693
2021-10-15,-0.2589652340542021
2021-10-18,-0.04242507224620817
2021-10-19,0.16639299397920088
2021-10-20,-0.5241549248483139
2021-10-21,0.02681992337164751
2021-10-22,0.2988914767281247
2021-10-25,-0.24904214559386975
2021-10-26,0.05199781061850027
2021-10-27,0.1568359122392083
2021-10-28,0.3497536945812808
2021-10-29,-0.4001094690749863
2021-11-01,0.6442255062944717
2021-11-02,-0.4460864805692392
2021-11-03,0.5079365079365079
2021-11-04,0.34646962233169126
2021-11-05,-0.17077175697865354
2021-11-08,0.3004926108374384
2021-11-09,0.027382260404097088
2021-11-10,-0.1839080459770115
2021-11-11,0.4264404036102732
2021-11-12,-0.4152182877257923
2021-11-15,-0.5123152709359605
2021-11-16,0.36891078270388616
2021-11-17,-0.10240965391132312
2021-11-18,-0.22660098522167485
2021-11-19,-0.06896551724137931
2021-11-22,-0.41050903119868637
2021-11-23,-0.26436781609195403
2021-11-24,-0.18609742747673783
2021-11-25,0.14616121664177525
2021-11-26,0.35960591133004927
2021-11-29,0.615216201423098
2021-11-30,-0.19978094940234395
2021-12-01,-0.23043240284619596
2021-12-02,0.13055973846091162
2021-12-03,-0.03940886699507389
2021-12-06,-0.6518883415435139
2021-12-07,-0.03393541324575808
2021-12-08,0.2430546074492443
2021-12-09,-0.3656267104542967
2021-12-10,0.2145887525227562
2021-12-13,-0.19157088122605362
2021-12-14,0.13822362247958148
2021-12-15,-0.19759168035030103
2021-12-16,0.06513409961685823
2021-12-17,-0.08921729611384782
2021-12-20,0.10782703886152162
2021-12-21,-0.08976464148877941
2021-12-22,0.031198686371100168
2021-12-23,0.1586175017629705
2021-12-24,0.034482758620689655
2021-12-27,-0.3607006020799124
2021-12-28,-0.06788011559393309
2021-12-29,-0.24904214559386975
2021-12-30,-0.29920614315726346
2021-12-31,0.5413245758073344
2022-01-04,0.030381825931155536
2022-01-05,-0.45539135194307606
2022-01-06,0.4909688013136289
2022-01-07,0.30596606458675424
2022-01-10,0.6491516146688561
2022-01-11,-0.42309797482211275
2022-01-12,0.7850006916266132
2022-01-13,-0.17952928297755882
2022-01-14,-0.7077175697865353
2022-01-17,-0.060207991242473995
2022-01-18,0.0010946907498631637
2022-01-19,-0.13409961685823754
2022-01-20,0.2681992337164751
2022-01-21,-0.10071154898741107
2022-01-24,0.1620142309797482
2022-01-25,0.0049261083743842365
2022-01-26,0.5561029009304871
2022-01-27,-0.15161466885604818
2022-01-28,0.0361247947454844
2022-02-07,0.1565407772304324
2022-02-08,-0.3470169677066229
2022-02-09,0.7190365470373475
2022-02-10,0.4657909140667761
2022-02-11,-0.21784345922276957
2022-02-14,-0.7071702244116037
2022-02-15,0.10563765736179528
2022-02-16,0.23426382047071703
2022-02-17,0.3823130956453191
2022-02-18,0.10935960591133002
2022-02-21,0.5607292606731563
2022-02-22,-0.13793103448275862
2022-02-23,0.49310344827586194
2022-02-24,-0.4660098522167487
2022-02-25,0.03990147783251231
2022-02-28,-0.42024880230084694
2022-03-01,0.4096563647281996
2022-03-02,-0.3551724137931034
2022-03-03,0.2881773399014778
2022-03-04,0.4123152709359605
2022-03-07,-0.003940886699507388
2022-03-08,0.11848749935914851
2022-03-09,-0.7566502463054186
2022-03-10,-0.1635467980295566
2022-03-11,0.4054187192118226
2022-03-14,0.23004926108374377
2022-03-15,-0.4441433707786794
2022-03-16,-0.405911330049261
2022-03-17,-0.27832512315270924
2022-03-18,-0.1630541871921182
2022-03-21,0.28472906403940884
2022-03-22,0.14581280788177337
2022-03-23,0.29113300492610833
2022-03-24,0.4803547271316832
2022-03-25,0.3389162561576354
2022-03-28,0.4453201970443349
2022-03-29,-0.7542419266557197
2022-03-30,0.31379310344827577
2022-03-31,-0.26136223871113634
2022-04-01,0.5162561576354678
2022-04-06,0.2073891625615763
2022-04-07,0.24876847290640386
2022-04-08,0.40147783251231517
2022-04-11,-0.2177339901477832
2022-04-12,0.6648602095017503
2022-04-13,-0.038916256157635463
2022-04-14,0.008378512599650204
2022-04-15,-0.5552407974127251
2022-04-18,0.30447099627423607
2022-04-19,-0.10837438423645318
2022-04-20,0.4236453201970442
2022-04-21,-0.02758620689655172
2022-04-22,0.6068965517241378
2022-04-25,0.6536945812807881
2022-04-26,-0.8310344827586205
2022-04-27,0.3753694581280787
2022-04-28,-0.7004926108374382
2022-04-29,-0.04581280788177339
2022-05-05,0.37931034482758613
2022-05-06,0.0502463054187192
2022-05-09,-0.044827586206896544
2022-05-10,-0.048528144228175175
2022-05-11,0.4976595371528013
2022-05-12,-0.21034482758620687
2022-05-13,-0.41832963784183297
2022-05-16,0.2576354679802955
2022-05-17,0.056157635467980284
2022-05-18,0.19113300492610832
2022-05-19,-0.36748768472906396
2022-05-20,0.31231527093596056
2022-05-23,-0.3748768472906403
2022-05-24,0.3039408866995073
2022-05-25,-0.056157635467980284
2022-05-26,-0.14952580480458036
2022-05-27,-0.36502463054187184
2022-05-30,-0.11822660098522166
2022-05-31,0.24091637083835185
2022-06-01,0.08400049330866871
2022-06-02,0.5980295566502462
2022-06-06,-0.11331444845157655
2022-06-07,-0.19408866995073887
2022-06-08,-0.6477832512315269
2022-06-09,0.5724137931034481
2022-06-10,0.04679802955665024
2022-06-13,0.44611405683870686
2022-06-14,0.13004926108374382
2022-06-15,-0.1448275862068965
2022-06-16,0.51871921182266
2022-06-17,0.42098780957335724
2022-06-20,-0.451231527093596
2022-06-21,0.038916256157635463
2022-06-22,0.51871921182266
2022-06-23,0.38797881806789797
2022-06-24,-0.19559059145772126
2022-06-27,0.0881773399014778
2022-06-28,-0.5118226600985221
2022-06-29,0.45862068965517233
2022-06-30,0.22463054187192114
2022-07-01,0.1704643441923717
2022-07-04,-0.16851441753094856
2022-07-05,-0.004433497536945812
2022-07-06,0.05246951634823001
2022-07-07,-0.36433058534756896
2022-07-08,-0.42640719623843265
2022-07-11,-0.3798029556650246
2022-07-12,0.1202118496616725
2022-07-13,-0.10715605451399088
2022-07-14,0.3630541871921181
2022-07-15,-0.3778325123152709
2022-07-18,-0.1334975369458128
2022-07-19,0.2576672023485849
2022-07-20,-0.22244118902559487
2022-07-21,-0.30788177339901474
2022-07-22,-0.45467980295566496
2022-07-25,-0.18669950738916252
2022-07-26,-0.05173050907571973
2022-07-27,0.12167487684729061
2022-07-28,0.545387367112588
2022-07-29,0.20344827586206893
2022-08-01,0.36453201970443344
2022-08-02,-0.07244949130285766
2022-08-03,-0.17931034482758618
2022-08-04,-0.2133004926108374
2022-08-05,-0.4147783251231526
2022-08-08,-0.36137455625752785
2022-08-09,-0.0354679802955665
2022-08-10,0.26059113300492603
2022-08-11,-0.3426530386872673
2022-08-12,-0.13596059113300488
2022-08-15,0.15911330049261077
2022-08-16,-0.03548546512793027
2022-08-17,-0.27684729064039404
2022-08-18,0.27142857142857135
2022-08-19,0.0502463054187192
2022-08-22,0.2679802955665024
2022-08-23,0.20197044334975364
2022-08-24,-0.12364532019704431
2022-08-25,0.2866995073891625
2022-08-26,-0.13891625615763545
2022-08-29,-0.011822660098522165
2022-08-30,0.44334975369458113
2022-08-31,0.06108374384236451
2022-09-01,-0.4635467980295565
2022-09-02,0.26327312534209085
2022-09-05,-0.26037689568112266
2022-09-06,-0.377632716252754
2022-09-07,0.051724137931034475
2022-09-08,-0.011330049261083741
2022-09-09,-0.20840005084789948
2022-09-13,-0.1088669950738916
2022-09-14,0.19608326297272813
2022-09-15,0.17290640394088666
2022-09-16,0.36569743229061485
2022-09-19,-0.07635467980295566
2022-09-20,0.2818081065839208
2022-09-21,0.12070452117667937
2022-09-22,0.36108374384236447
2022-09-23,-0.10935960591133002
2022-09-26,-0.6113300492610836
2022-09-27,0.5064663174270465
2022-09-28,-0.21083743842364527
2022-09-29,0.3999999999999999
2022-09-30,0.1926108374384236
2022-10-10,-0.32216748768472897
2022-10-11,-0.666502463054187
2022-10-12,-0.31822660098522154
2022-10-13,-0.3305418719211822
2022-10-14,-0.27339901477832507
2022-10-17,0.1906403940886699
2022-10-18,-0.1251231527093596
2022-10-19,0.3472906403940886
2022-10-20,-0.13696268117190558
2022-10-21,0.653775100414096
2022-10-24,0.24876847290640386
2022-10-25,-0.1004926108374384
2022-10-26,0.2165291308455126
2022-10-27,0.24384236453201966
2022-10-28,0.45369458128078805
2022-10-31,-0.5379310344827586
2022-11-01,-0.5822660098522167
2022-11-02,0.0024630541871921174
2022-11-03,-0.15467980295566497
2022-11-04,-0.44537504956619656
2022-11-07,-0.1527093596059113
2022-11-08,-0.4940886699507388
2022-11-09,-0.2975369458128078
2022-11-10,0.042857142857142844
2022-11-11,0.09065155876126124
2022-11-14,-0.25369458128078815
2022-11-15,0.5536945812807881
2022-11-16,0.4182266009852216
2022-11-17,-0.40935960591132997
2022-11-18,-0.3600985221674876
2022-11-21,-0.20246305418719207
2022-11-22,-0.22019704433497533
2022-11-23,0.32758620689655166
2022-11-24,0.46360389562145016
2022-11-25,-0.18177339901477826
2022-11-28,-0.17536945812807878
2022-11-29,-0.042369750290589495
2022-11-30,-0.1532019704433497
2022-12-01,-0.08472906403940884
2022-12-02,0.7064039408866993
2022-12-05,-0.10986574784652856
2022-12-06,-0.15615763546798028
2022-12-07,0.05270935960591132
2022-12-08,0.4635467980295565
2022-12-09,-0.4219731526033709
2022-12-12,0.051231527093596047
2022-12-13,0.11159009814905255
2022-12-14,-0.34039408866995063
2022-12-15,0.06183027513336025
2022-12-16,0.29408866995073885
2022-12-19,0.07881773399014776
2022-12-20,0.6522167487684728
2022-12-21,0.0019706860600274185
2022-12-22,0.3660098522167487
2022-12-23,-0.5975369458128077
2022-12-26,0.000985221674876847
2022-12-27,0.27192118226600975
2022-12-28,-0.06841817186644773
2022-12-29,0.026108374384236445
2022-12-30,0.20246305418719207
2023-01-03,-0.08620689655172412
2023-01-04,-0.001970443349753694
2023-01-05,-0.3616208920150312
2023-01-06,-0.15149649086460779
2023-01-09,0.6096809998209826
2023-01-10,-0.44088669950738907
2023-01-11,-0.08276881452115156
2023-01-12,0.4019704433497536
2023-01-13,-0.051231527093596047
2023-01-16,-0.23152709359605908
2023-01-17,-0.0625615763546798
2023-01-18,0.23694581280788174
2023-01-19,-0.19852216748768467
2023-01-20,0.03645320197044334
2023-01-30,-0.14334975369458125
2023-01-31,0.6438423645320195
2023-02-01,-0.34433497536945806
2023-02-02,0.0921182266009852
2023-02-03,0.10344827586206895
2023-02-06,-0.09882288900253623
2023-02-07,-0.2515396218984859
2023-02-08,0.43891625615763535
2023-02-09,-0.22463054187192114
2023-02-10,0.03314794215795328
2023-02-13,0.14373122794469237
2023-02-14,0.4189098998887653
2023-02-15,-0.24093437152391545
2023-02-16,-0.5488930949528733
2023-02-17,-0.3125695216907675
2023-02-20,-0.17285873192436038
2023-02-21,-0.11792190527970119
2023-02-22,0.0845477811439367
2023-02-23,0.03871398399748681
2023-02-24,0.1982202447163515
2023-02-27,-0.0064516129032258064
2023-02-28,-0.5243604004449388
2023-03-01,0.37842046718576194
2023-03-02,-0.17419354838709677
2023-03-03,-0.3924796998365903
2023-03-06,-0.2671857619577308
2023-03-07,0.18177772945946388
2023-03-08,0.38091000346952536
2023-03-09,-0.00778642936596218
2023-03-10,-0.19154616240266964
2023-03-13,0.1385984427141268
2023-03-14,-0.23164218958611488
2023-03-15,0.41446051167964404
2023-03-16,-0.10478309232480533
2023-03-17,0.4518856407982511
2023-03-20,-0.5408231368186874
2023-03-21,-0.26941045606229147
2023-03-22,0.31085892300845575
2023-03-23,0.4126807563959955
2023-03-24,-0.31657397107897667
2023-03-27,-0.335706340378198
2023-03-28,0.26431286946782645
2023-03-29,0.017130144605116793
2023-03-30,0.5939029817534491
2023-03-31,-0.35839822024471635
2023-04-03,0.32042724424801106
2023-04-04,-0.11813125695216908
2023-04-06,0.521245828698554
2023-04-07,-0.5150166852057843
2023-04-10,0.10567296996662959
2023-04-11,0.3837597330367074
2023-04-12,-0.15283648498331479
2023-04-13,0.3001446230609753
2023-04-14,-0.11506789477430805
2023-04-17,-0.26743798140792613
2023-04-18,0.30589543937708563
2023-04-19,0.2140393827907029
2023-04-20,0.2040044493882091
2023-04-21,-0.010901001112347052
2023-04-24,0.5715874993651932
2023-04-25,-0.16575814987429693
2023-04-26,-0.2382647385984427
2023-04-27,-0.33704115684093433
2023-04-28,0.4407119021134594
2023-05-04,0.5560129081018363
2023-05-05,0.06963292547274749
2023-05-08,0.5083426028921022
2023-05-09,-0.07456043471836209
2023-05-10,0.020689655172413793
2023-05-11,0.3010011123470523
2023-05-12,-0.30945494994438266
2023-05-15,0.19154616240266964
2023-05-16,-0.1479421579532814
2023-05-17,-0.0460511679644049
2023-05-18,-0.1710789766407119
2023-05-19,-0.01846496106785317
2023-05-22,0.24315906562847608
2023-05-23,0.19267994334381364
2023-05-24,0.08476084538375972
2023-05-25,-0.3397107897664071
2023-05-26,0.2422691879866518
2023-05-29,0.2661030164424955
2023-05-30,0.29032258064516125
2023-05-31,-0.12124582869855395
2023-06-01,-0.4153503893214683
2023-06-02,0.2342602892102336
2023-06-05,-0.18531701890989988
2023-06-06,0.20335966306725825
2023-06-07,-0.19067749589566776
2023-06-08,0.20489432703003335
2023-06-09,-0.1385984427141268
2023-06-12,0.21077233336802656
2023-06-13,0.06518353726362626
2023-06-14,-0.4102792327089981
2023-06-15,0.4242491657397108
2023-06-16,-0.002447435769956062
2023-06-19,0.25383759733036704
2023-06-20,-0.12726666003771525
2023-06-21,-0.2631813125695217
2023-06-26,-0.3984427141268076
2023-06-27,-0.07452725250278086
2023-06-28,0.35350389321468295
2023-06-29,-0.12836484983314794
2023-06-30,0.22091212458286985
2023-07-03,-0.3462009143683303
2023-07-04,0.17730812013348163
2023-07-05,-0.4589543937708565
2023-07-06,-0.15018355861094018
2023-07-07,-0.05228031145717464
2023-07-10,-0.4794215795328142
2023-07-11,-0.21023359288097884
2023-07-12,-0.39265850945494996
2023-07-13,0.05072866868636202
2023-07-14,-0.37130144605116794
2023-07-17,0.035817575083426034
2023-07-18,0.35973303670745277
2023-07-19,0.3504283034255271
2023-07-20,-0.2805339265850945
2023-07-21,0.3045945062790772
2023-07-24,-0.25383759733036704
2023-07-25,0.4167315633752459
2023-07-26,0.2293659621802002
2023-07-27,0.2547274749721913
2023-07-28,-0.2622914349276974
2023-07-31,-0.06385582417976271
2023-08-01,-0.008231368186874304
2023-08-02,0.14660734149054505
2023-08-03,0.24716351501668518
2023-08-04,-0.17508342602892102
2023-08-07,-0.4610079013953601
2023-08-08,0.24415760264490508
2023-08-09,0.2729699666295884
2023-08-10,-0.03025920588309313
2023-08-11,-0.034037819799777526
2023-08-14,0.6772722257951139
2023-08-15,0.5261401557285873
2023-08-16,-0.47408231368186876
2023-08-17,0.4972191323692992
2023-08-18,0.33348164627363736
2023-08-21,-0.34949944382647385
2023-08-22,0.681944603174121
2023-08-23,-0.4384872080088987
2023-08-24,0.34597842020742514
2023-08-25,-0.16796440489432704
2023-08-28,-0.6489432703003337
2023-08-29,-0.3731227078378469
2023-08-30,0.06007342344437607
2023-08-31,-0.1268781372893688
2023-09-01,-0.064293659621802
2023-09-04,0.06874304783092325
2023-09-05,0.5292547274749722
2023-09-06,0.09588431590656285
2023-09-07,-0.13058954393770855
2023-09-08,-0.38731924360400444
2023-09-11,0.05451106942174866
2023-09-12,0.3388209121245828
2023-09-13,0.44649610678531704
2023-09-14,0.046496106785317015
2023-09-15,-0.22580645161290322
2023-09-18,0.5253087138969329
2023-09-19,0.457174638487208
2023-09-20,-0.19866518353726362
2023-09-21,-0.6774193548387096
2023-09-22,0.37263626251390436
2023-09-25,0.19021134593993325
2023-09-26,-0.32027601659618815
2023-09-27,0.24582869855394882
2023-09-28,-0.1720071248636893
2023-10-09,-0.2582869855394883
2023-10-10,-0.09325618551341408
2023-10-11,-0.5787073125141562
2023-10-12,0.008231368186874304
2023-10-13,-0.2551724137931034
2023-10-16,0.07764182424916574
2023-10-17,0.5555061179087876
2023-10-18,0.04916573971078977
2023-10-19,0.48031145717463847
2023-10-20,0.2654060066740823
2023-10-23,-0.13993325917686317
2023-10-24,-0.22580645161290322
2023-10-25,-0.18264738598442715
2023-10-26,-0.6523528797737431
2023-10-27,-0.1296996662958843
2023-10-30,-0.018918319256897843
2023-10-31,-0.14616240266963293
2023-11-01,-0.3868743047830923
2023-11-02,0.13815350389321468
2023-11-03,-0.11302703373978906
2023-11-06,-0.4780867630700778
2023-11-07,0.12480533926585094
2023-11-08,-0.23648498331479423
2023-11-09,-0.22093670177876087
2023-11-10,0.1345939933259177
2023-11-13,0.19288097886540603
2023-11-14,-0.3355211946448856
2023-11-15,0.017130144605116793
2023-11-16,0.36582109479305747
2023-11-17,-0.33793103448275863
2023-11-20,-0.05850945494994438
2023-11-21,-0.25383759733036704
2023-11-22,0.3050055617352614
2023-11-23,0.260318168258963
2023-11-24,0.21581933607794368
2023-11-27,-0.3235065099560104
2023-11-28,0.5940594096166079
2023-11-29,0.0011123470522803117
2023-11-30,0.07765046215587869
2023-12-01,0.39443826473859844
2023-12-04,-0.4360885553739893
2023-12-05,0.14306374546197712
2023-12-06,0.14972191323692993
2023-12-07,-0.10611790878754171
2023-12-08,-0.1003337041156841
2023-12-11,0.0781215301078958
2023-12-12,0.6645161290322581
2023-12-13,0.0878754171301446
2023-12-14,-0.625264364290942
2023-12-15,0.3090100111234705
2023-12-18,-0.15663588927718797
2023-12-19,0.828698553948832
2023-12-20,-0.7736121974670208
2023-12-21,0.32146829810900995
2023-12-22,0.04872080088987764
2023-12-25,0.6605851637272318
2023-12-26,-0.18175750834260287
2023-12-27,-0.5652947719688542
2023-12-28,-0.6324805339265851
2023-12-29,0.16307007786429364
2024-01-02,-0.2654060066740823
2024-01-03,-0.07675194660734148
2024-01-04,0.182202447163515
2024-01-05,0.23337041156840932
2024-01-08,0.08123748857373779
2024-01-09,0.3414905450500556
2024-01-10,-0.5985092928347098
2024-01-11,0.6765294771968854
2024-01-12,0.5812921198879843
2024-01-15,-0.09098998887652948
2024-01-16,0.16403295638039658
2024-01-17,-0.2430717998596329
2024-01-18,0.331738793909499
2024-01-19,0.5154616240266964
2024-01-22,-0.6712648834506764
2024-01-23,-0.43804226918798667
2024-01-24,-0.8207809595789013
2024-01-25,0.46785317018909905
2024-01-26,0.6040044493882092
2024-01-29,0.4451612903225806
2024-01-30,0.5715239154616241
2024-01-31,-0.596440489432703
2024-02-01,0.7018909899888766
2024-02-02,0.324841474921441
2024-02-05,-0.9110122358175751
2024-02-06,-0.7259176863181313
2024-02-07,-0.5101791109553864
2024-02-08,-0.14438264738598441
2024-02-19,0.07698297967316341
2024-02-20,0.018020022246941044
2024-02-21,0.6231368186874304
2024-02-22,0.14883203559510566
2024-02-23,-0.2
2024-02-26,0.11590656284760845
2024-02-27,-0.32146829810900995
2024-02-28,0.7072302558398219
2024-02-29,0.36106785317018913
2024-03-01,-0.04761375043369067
2024-03-04,0.11590656284760845
2024-03-05,-0.3325917686318131
2024-03-06,-0.289432703003337
2024-03-07,0.34949944382647385
2024-03-08,-0.2387096774193548
2024-03-11,-0.25856697819314645
2024-03-12,-0.17584864641859888
2024-03-13,-0.4220244716351501
2024-03-14,0.23470522803114574
2024-03-15,0.47497219132369295
2024-03-18,-0.3103448275862069
2024-03-19,0.289432703003337
2024-03-20,-0.34060066740823136
2024-03-21,-0.34371523915461627
2024-03-22,-0.4202447163515017
2024-03-25,0.19911012235817574
2024-03-26,0.5359288097886541
2024-03-27,-0.2525027808676307
2024-03-28,0.09232480533926585
2024-03-29,-0.37886540600667407
2024-04-01,0.43319613128222306
2024-04-02,0.08209121245828699
2024-04-03,0.08654060066740822
2024-04-08,0.15506117908787542
2024-04-09,0.4545050055617353
2024-04-10,-0.196440489432703
2024-04-11,0.4843159065628476
2024-04-12,-0.3232480533926585
2024-04-15,0.5363737486095662
2024-04-16,-0.26585094549499444
2024-04-17,0.21957730812013349
2024-04-18,0.37886540600667407
2024-04-19,-0.37174638487208006
2024-04-22,-0.33303670745272523
2024-04-23,-0.5357659394594725
2024-04-24,0.3590202671492071
2024-04-25,-0.27745021864865543
2024-04-26,-0.4398220244716351
2024-04-29,-0.2622914349276974
2024-04-30,0.46679274957889255
2024-05-06,-0.5535277646106463
2024-05-07,-0.4420467185761958
2024-05-08,0.5577308120133482
2024-05-09,-0.3997775305895439
2024-05-10,0.09878740744186287
2024-05-13,-0.183618981022832
2024-05-14,0.08031145717463849
2024-05-15,0.1479421579532814
2024-05-16,0.09899888765294772
2024-05-17,-0.1474972191323693
2024-05-20,0.2609566184649611
2024-05-21,-0.15663588927718797
2024-05-22,0.1479421579532814
2024-05-23,-0.2462736373748609
2024-05-24,0.008231368186874304
2024-05-27,0.32547274749721916
2024-05-28,-0.05764523161807696
2024-05-29,-0.5675194660734149
2024-05-30,-0.16269754560932145
2024-05-31,-0.35884315906562847
2024-06-03,-0.28612749092395423
2024-06-04,0.3079661771250557
2024-06-05,0.0389321468298109
2024-06-06,0.07367016087097866
2024-06-07,-0.12728082202073773
2024-06-11,0.1570808775989982
2024-06-12,0.3530589543937709
2024-06-13,-0.24048943270300333
2024-06-14,-0.004226918798665183
2024-06-17,0.17160028408315572
2024-06-18,-0.2468284241870554
2024-06-19,0.08566025194846219
2024-06-20,0.05850945494994438
2024-06-21,0.1897664071190211
2024-06-24,-0.031597685803293286
2024-06-25,-0.4874304783092325
2024-06-26,0.6414257874626033
2024-06-27,0.2800889877641824
2024-06-28,-0.1490710878064147
2024-07-01,0.5362705829995551
2024-07-02,0.20625208715902452
2024-07-03,0.20444938820912126
2024-07-04,0.08566978405241964
2024-07-05,0.6769744160177975
2024-07-08,-0.5095116284726711
2024-07-09,-0.2736678179132688
2024-07-10,-0.6271412680756396
2024-07-11,-0.11813125695216908
2024-07-12,0.16618464961067853
2024-07-15,0.41606408089253055
2024-07-16,0.1332591768631813
2024-07-17,0.11056729699666296
2024-07-18,-0.020244716351501667
2024-07-19,-0.11857619577308119
2024-07-22,-0.06696329254727475
2024-07-23,-0.15906562847608455
2024-07-24,0.35884315906562847
2024-07-25,-0.23673378720302277
2024-07-26,-0.21690767519466073
2024-07-29,0.3521690767519466
2024-07-30,-0.3650723025583982
2024-07-31,0.09010011123470522
2024-08-01,-0.17241379310344826
2024-08-02,-0.26140155728587317
2024-08-05,-0.26107280574519026
2024-08-06,-0.31626978428296276
2024-08-07,0.22180200222469412
2024-08-08,-0.5379908810685236
2024-08-09,-0.16662958843159065
2024-08-12,-0.28186874304783094
2024-08-13,-0.04872080088987764
2024-08-14,0.057174638487208
2024-08-15,0.2758927595223198
2024-08-16,0.028698553948832032
2024-08-19,0.5038932146829811
2024-08-20,-0.04204671857619577
2024-08-21,0.6622914349276974
2024-08-22,-0.24719101276556227
2024-08-23,0.31167964404894327
2024-08-26,0.4582684629406195
2024-08-27,-0.08744020523570295
2024-08-28,-0.4780867630700778
2024-08-29,-0.7833147942157953
2024-08-30,0.35350389321468295
2024-09-02,-0.1039047731426801
2024-09-03,-0.2783401952922758
2024-09-04,0.1621802002224694
2024-09-05,0.04716876211188047
2024-09-06,0.2640711902113459
2024-09-09,-0.13064768710351804
2024-09-10,0.2547274749721913
2024-09-11,-0.038042269187986644
2024-09-12,0.7187986651835372
2024-09-13,0.01579532814238042
2024-09-18,-0.18113040056797292
2024-09-19,0.5660251453425656
2024-09-20,0.13549894399120382
2024-09-23,-0.4674082313681869
2024-09-24,-0.24449388209121245
2024-09-25,0.3997775305895439
2024-09-26,0.5323692992213571
2024-09-27,0.6791991101223581
2024-09-30,0.4843159065628476
2024-10-08,-0.5279199110122358
2024-10-09,-0.6489432703003337
2024-10-10,-0.7726362625139044
2024-10-11,0.5909444913639366
2024-10-14,-0.48120133481646277
2024-10-15,-0.46607341490545046
2024-10-16,0.2667408231368187
2024-10-17,-0.46323284300441103
2024-10-18,-0.05272525027808676
2024-10-21,-0.0847985839632715
2024-10-22,-0.4113459399332592
2024-10-23,-0.2943270300333704
2024-10-24,0.7963066018793407
2024-10-25,-0.17597330367074526
2024-10-28,-0.4994438264738598
2024-10-29,-0.2939147865556326
2024-10-30,0.12085467478230034
2024-10-31,-0.4126807563959955
2024-11-01,0.44160177975528364
2024-11-04,-0.13928134472659043
2024-11-05,0.18887652947719688
2024-11-06,-0.02513904338153504
2024-11-07,-0.29502725736015806
2024-11-08,0.4616240266963292
2024-11-11,-0.3882091212458286
2024-11-12,0.19733036707452725
2024-11-13,-0.21601779755283645
2024-11-14,-0.7081201334816463
2024-11-15,-0.4567296996662959
2024-11-18,-0.0135706340378198
2024-11-19,-0.28377478885346763
2024-11-20,-0.16620313819610713
2024-11-21,0.5282011379886993
2024-11-22,0.5030033370411569
2024-11-25,0.08663702476491413
2024-11-26,-0.4642936596218019
2024-11-27,0.557347873067267
2024-11-28,-0.3846496106785317
2024-11-29,-0.2382647385984427
2024-12-02,-0.4131256952169076
2024-12-03,-0.2509734135009489
2024-12-04,0.5862068965517241
2024-12-05,-0.1439377085650723
2024-12-06,0.3657804005279788
2024-12-09,-0.22180200222469412
2024-12-10,0.056291022708989426
2024-12-11,-0.04338153503893215
2024-12-12,-0.26140155728587317
2024-12-13,-0.02647385984427141
2024-12-16,0.03270300333704116
2024-12-17,0.09232480533926585
2024-12-18,-0.5230255839822024
2024-12-19,-0.5163515016685205
2024-12-20,0.14438264738598441
2024-12-23,0.5126265467253425
2024-12-24,0.07587050886863793
2024-12-25,0.5562354022627415
2024-12-26,-0.27369826435247
2024-12-27,0.045606229143492764
2024-12-30,0.02513904338153504
2024-12-31,-0.4901001112347052
2025-01-02,0.7179886572407466
2025-01-03,0.39915452466374324
2025-01-06,-0.48698553948832035
2025-01-07,0.4681277145443232
2025-01-08,-0.057174638487208
2025-01-09,0.649833147942158
2025-01-10,-0.2987764182424916
2025-01-13,-0.5426028921023358
2025-01-14,0.5230255839822024
2025-01-15,-0.3650723025583982
2025-01-16,0.3196885428253615
2025-01-17,-0.12791991101223582
2025-01-20,0.2556173526140155
2025-01-21,0.08031145717463849
2025-01-22,-0.32591768631813123
2025-01-23,-0.06995073891625614
2025-01-24,-0.43715239154616237
2025-01-27,0.34664590269014045
2025-02-05,-0.3993325917686318
2025-02-06,-0.41873401082339173
2025-02-07,0.63388586441862
2025-02-10,-0.32458286985539486
2025-02-11,0.6057842046718577
2025-02-12,-0.5092324805339266
2025-02-13,0.2
2025-02-14,0.43289565829019183
2025-02-17,-0.29744160177975526
2025-02-18,0.49371454304840934
2025-02-19,-0.5826473859844271
2025-02-20,0.3196885428253615
2025-02-21,-0.06607341490545049
2025-02-24,0.05518469206493524
2025-02-25,0.3032258064516129
2025-02-26,-0.43270300333704115
2025-02-27,-0.48476084538375974
2025-02-28,-0.5648498331479421
2025-03-03,0.0135706340378198
2025-03-04,-0.04405384385920912
2025-03-05,0.05139043381535039
2025-03-06,0.2569521690767519
2025-03-07,-0.09588431590656285
2025-03-10,0.10789766407119021
2025-03-11,-0.09544999502828642
2025-03-12,-0.49766407119021133
2025-03-13,0.43430860208674854
2025-03-14,0.025367156836300878
2025-03-17,-0.22491657397107895
2025-03-18,0.4229143492769744
2025-03-19,-0.435817575083426
2025-03-20,-0.12526421258956935
2025-03-21,0.01846496106785317
2025-03-24,0.30856507230255836
2025-03-25,0.07055420240513666
2025-03-26,-0.20859307499402177
2025-03-27,0.33837597330367075
2025-03-28,0.38139741878059646
2025-03-31,0.053621092778128265
2025-04-01,-0.2387096774193548
2025-04-02,0.5377085650723026
2025-04-03,0.6572477513136552
2025-04-07,0.023804226918798663
2025-04-08,-0.20311457174638486
2025-04-09,-0.5572858731924359
2025-04-10,-0.2507230255839822
2025-04-11,-0.1092446330044024
2025-04-14,0.15016685205784203
2025-04-15,0.2453837597330367
2025-04-16,0.1297140958076713
2025-04-17,-0.20289544874251098
2025-04-18,0.03937708565072302
2025-04-21,0.4318131256952169
2025-04-22,-0.39670708889378714
2025-04-23,0.1897664071190211
2025-04-24,0.11813125695216908
2025-04-25,-0.058954393770856504
2025-04-28,0.07831794463859398
2025-04-29,-0.15307598270270645
2025-04-30,-0.14883203559510566
2025-05-06,-0.47408231368186876
2025-05-07,0.17599288127593138
2025-05-08,-0.23692992213570632
2025-05-09,0.5216907675194661
2025-05-12,-0.36774193548387096
2025-05-13,0.3512791991101224
2025-05-14,-0.2925472747497219
2025-05-15,0.09054505005561733
2025-05-16,-0.5615402292370971
2025-05-19,0.3346684468179796
2025-05-20,-0.08566025194846218
2025-05-21,-0.4442714126807564
2025-05-22,0.3884748049402986
2025-05-23,-0.308821895336274
2025-05-26,0.2793234196165505
2025-05-27,0.32413793103448274
2025-05-28,-0.32461898076053586
2025-05-29,0.04338153503893215
2025-05-30,0.05141903458569157
2025-06-03,0.06473859844271414
2025-06-04,-0.31345939933259176
2025-06-05,-0.0718896131762118
2025-06-06,0.5264211847014585
2025-06-09,0.16929922135706338
2025-06-10,0.26941045606229147
2025-06-11,0.13483146150848854
2025-06-12,-0.20934371523915463
2025-06-13,0.13236929922135707
2025-06-16,0.19199110122358176
2025-06-17,-0.20266963292547271
2025-06-18,-0.08031145717463849
2025-06-19,-0.15951056729699667
2025-06-20,-0.4829810901001112
2025-06-23,-0.11501668520578419
2025-06-24,-0.1234842593023286
2025-06-25,-0.1308265666121968
2025-06-26,-0.10568472642992087
2025-06-27,0.2876529477196885
2025-06-30,-0.44090812291664266
2025-07-01,-0.45722550065997347
2025-07-02,0.27789520697046566
2025-07-03,-0.19875363642835028
2025-07-04,-0.0836578045003163
2025-07-07,-0.11101223581757509
2025-07-08,0.2947719688542826
2025-07-09,0.5720324876870033
2025-07-10,0.03181312569521691
2025-07-11,-0.13904338153503895
2025-07-14,-0.10522803114571745
2025-07-15,0.14171301446051168
2025-07-16,0.2978865406006674
2025-07-17,-0.05494994438264739
2025-07-18,0.16553565571339185
2025-07-21,0.14126807563959956
2025-07-22,-0.27252502780867627
2025-07-23,0.48609566184649605
2025-07-24,-0.41401557285873186
2025-07-25,0.18487208008898778
2025-07-28,0.37886540600667407
2025-07-29,-0.7802002224694105
2025-07-30,-0.06785317018909899
2025-07-31,-0.33240627639221426
2025-08-01,0.1474972191323693
2025-08-04,-0.23337041156840932
2025-08-05,0.5265850945494994
2025-08-06,-0.04827586206896552
2025-08-07,-0.29343715239154616
2025-08-08,0.09589498335009662
2025-08-11,0.0046718576195773085
2025-08-12,0.33704115684093433
2025-08-13,-0.593325917686318
2025-08-14,0.6155728587319244
2025-08-15,0.44654578093652886
2025-08-18,-0.24716351501668518
2025-08-19,0.5261401557285873
2025-08-20,-0.7196885428253615
2025-08-21,0.7330367074527252
2025-08-22,0.14660734149054505
2025-08-25,-0.3045606229143492
2025-08-26,-0.27745021864865543
2025-08-27,0.7281423804226919
2025-08-28,0.015129602941546565
2025-08-29,0.4451612903225806
2025-09-01,-0.4242963648460192
2025-09-02,-0.025141840182275915
2025-09-03,-0.6124582869855395
2025-09-04,0.37486095661846497
2025-09-05,0.06295884315906564
2025-09-08,0.21292691198617741
2025-09-09,-0.18086763070077863
2025-09-10,-0.13103448275862067
2025-09-11,0.16929922135706338
2025-09-12,0.3533207275172934
2025-09-15,0.6311457174638487
2025-09-16,0.023359288097886538
2025-09-17,0.5274749721913237
2025-09-18,-0.5190211345939933
2025-09-19,0.4113459399332592
2025-09-22,0.20177975528364847
2025-09-23,0.4064516129032258
2025-09-24,0.06763822491514936
2025-09-25,-0.32973634646135314
2025-09-26,0.4411568409343715
2025-09-29,0.5047830923248053
2025-09-30,0.40333704115684094
2025-10-09,-0.6978865406006673
2025-10-10,0.3228031145717464
2025-10-13,-0.2395995550611791
2025-10-14,0.307230255839822
2025-10-15,0.3477196885428253
2025-10-16,0.07007786429365963
2025-10-17,-0.16840934371523916
2025-10-20,-0.5844271412680757
2025-10-21,0.10300333704115683
2025-10-22,-0.33348164627363736
2025-10-23,-0.02469410456062291
2025-10-24,0.23381535038932147
2025-10-27,0.08654060066740822
2025-10-28,0.49899888765294764
2025-10-29,-0.3161290322580645
2025-10-30,-0.5875417130144606
2025-10-31,0.1292547274749722
2025-11-03,-0.3699666295884316
2025-11-04,0.07096774193548387
2025-11-05,-0.35839822024471635
2025-11-06,0.7721913236929923
2025-11-07,0.2382647385984427
2025-11-10,-0.1546162402669633
2025-11-11,0.0046718576195773085
2025-11-12,0.1345939933259177
2025-11-13,-0.11768631813125695
2025-11-14,-0.1586206896551724
2025-11-17,-0.396662958843159
2025-11-18,0.12614015572858733
2025-11-19,0.10745272525027807
2025-11-20,0.2609566184649611
2025-11-21,-0.1839822024471635
2025-11-24,-0.439377085650723
2025-11-25,-0.3533207275172934
2025-11-26,0.02202692192960456
2025-11-27,-0.3263626251390434
2025-11-28,-0.08075639599555061
2025-12-01,0.07831794463859398
2025-12-02,-0.1474972191323693
2025-12-03,0.2814551135449472
2025-12-04,-0.0843252869830316
2025-12-05,-0.08298109010011123
2025-12-08,-0.17775305895439378
2025-12-09,0.4843159065628476
2025-12-10,-0.18264738598442715
2025-12-11,0.2938820912124583
2025-12-12,0.033592880978865404
2025-12-15,-0.1408231368186874
2025-12-16,-0.21047947621622135
2025-12-17,0.3486095661846496
2025-12-18,0.12658509454949946
2025-12-19,-0.10991211548711771
2025-12-22,-0.10522803114571745
2025-12-23,0.44293659621801995
2025-12-24,-0.041156840934371525
2025-12-25,-0.02513904338153504
2025-12-26,0.1764182424916574
2025-12-29,0.27188786462602804
2025-12-30,0.04516129032258065
2025-12-31,0.46562847608453833
2026-01-05,0.29299221357063404
2026-01-06,0.16753810316153772
2026-01-07,0.13192436040044492
2026-01-08,0.4295884315906563
2026-01-09,0.7187986651835372
2026-01-12,-0.49276974416017794
2026-01-13,0.4313681868743047
2026-01-14,0.1546850809828706
2026-01-15,0.4700778642936596
2026-01-16,0.026028921023359287
2026-01-19,-0.4100111234705228
2026-01-20,0.6760845383759733
2026-01-21,-0.20622914349276972
2026-01-22,0.37028824833702884
2026-01-23,-0.2422691879866518
2026-01-26,0.44053843859209124
2026-01-27,0.4627878546826008
2026-01-28,-0.38847480494029857
2026-01-29,-0.28809788654060065
2026-01-30,-0.5428571428571427
2026-02-02,-0.03626251390433815
2026-02-03,-0.39532814238042263
2026-02-04,-0.07297808477687168
2026-02-05,0.439377085650723
2026-02-06,-0.4967741935483871
2026-02-09,-0.20024474481458693
2026-02-10,0.4988319087492265
2026-02-11,-0.3539488320355951
2026-02-12,0.196440489432703
2026-02-13,0.36284760845383757
2026-02-24,-0.07631549719044813
2026-02-25,0.09276974416017797
2026-02-26,0.08721771107479787
2026-02-27,0.1835372636262514
2026-03-02,-0.24004449388209118
2026-03-03,0.11056729699666296
2026-03-04,-0.4905450500556173
2026-03-05,-0.2525027808676307
2026-03-06,0.6978865406006673
2026-03-09,-0.5728587319243604
2026-03-10,0.5202003628864121
2026-03-11,-0.16751946607341492
2026-03-12,0.12480533926585094
2026-03-13,-0.307230255839822
2026-03-16,-0.11546162402669634
2026-03-17,0.06473859844271414
2026-03-18,0.6796440489432702
2026-03-19,0.2912124582869855
2026-03-20,0.4576195773081201
2026-03-23,-0.5150166852057843
2026-03-24,-0.7239959995851842
2026-03-25,0.742825361512792
2026-03-26,-0.17018909899888765
2026-03-27,0.07052280311457175
2026-03-30,-0.10567296996662959
2026-03-31,-0.24360400444938823
2026-04-01,0.40556173526140155
2026-04-02,0.17495827352534013
2026-04-03,-0.20578420467185762
2026-04-07,-0.35661846496106786
2026-04-08,0.01935483870967742
2026-04-09,-0.05494994438264739
2026-04-10,-0.21112347052280311
2026-04-13,0.667630700778643
2026-04-14,-0.1911012235817575
2026-04-15,0.8300333704115684
2026-04-16,0.4006674082313682
2026-04-17,0.39737457137650245
2026-04-20,-0.32458286985539486
2026-04-21,0.31701890989988873
2026-04-22,-0.45744799482087856
2026-04-23,-0.17063403781979977
2026-04-24,0.31015686030170464
2026-04-27,-0.2053392658509455
2026-04-28,-0.20311457174638486
2026-04-29,0.13281423804226916
2026-04-30,0.4923248053392658
2026-05-06,0.24404894327030033
2026-05-07,-0.18175750834260287
2026-05-08,0.5528364849833148
2026-05-11,-0.13993325917686317
2026-05-12,0.8642936596218019
2026-05-13,-0.37085650723025576
2026-05-14,-0.2307007786429366
2026-05-15,0.17775305895439378
2026-05-18,0.0037836638513795685
2026-05-19,0.5363737486095662
2026-05-20,-0.4567296996662959
2026-05-21,0.019799777530589546
2026-05-22,0.09721913236929922
2026-05-25,-0.17552836484983317
2026-05-26,-0.02202447163515017
2026-05-27,0.05962843512256588
2026-05-28,0.15283648498331479
2026-05-29,-0.3650723025583982
2026-06-01,-0.22402669632925473
2026-06-02,-0.12302558398220245
2026-06-03,-0.1670745272525028
2026-06-04,-0.002224941609050966
2026-06-05,0.36017797552836484
2026-06-08,-0.2200222469410456
2026-06-09,0.19021134593993325
2026-06-10,0.2867630700778643
2026-06-11,-0.4410324986802486
2026-06-12,-0.5642451920553249
2026-06-15,-0.021134593993325918
2026-06-16,0.5995550611790879
2026-06-17,0.33793103448275863
2026-06-18,0.499944379553752
2026-06-22,-0.5412680756395996
2026-06-23,0.6591768631813125
2026-06-24,0.7914117303394285
2026-06-25,-0.335706340378198
2026-06-26,0.058954393770856504
2026-06-29,0.32013348164627364
2026-06-30,-0.31638669680704734
2026-07-01,-0.8416017797552835
2026-07-02,-0.29191233910748665
2026-07-03,0.04916573971078977
2026-07-06,-0.16796440489432704
2026-07-07,-0.09232480533926585
2026-07-08,-0.40605184365180125
2026-07-09,0.4197997775305895
2026-07-10,0.02736373748609566
2026-07-13,-0.06340378197997774
2026-07-14,0.1041272673035852
2026-07-15,0.4384872080088987
2026-07-16,0.6956618464961067
2026-07-17,0.5488320355951056
2026-07-20,-0.89321468298109
2026-07-21,0.5256952169076751
2026-07-22,0.15595105672969967
2026-07-23,0.13815350389321468
2026-07-24,-0.489210233592881
2026-07-27,0.07586206896551724
2026-07-28,-0.11590656284760845
2026-07-29,0.7672969966629588
2026-07-30,-0.6160177975528365
2026-07-31,0.3619577308120133
2026-08-03,-0.790299259534903
2026-08-04,-0.477027480980527
2026-08-05,-0.5474972191323693
2026-08-06,0.027589275952231974
2026-08-07,-0.1621802002224694
2026-08-10,-0.13370411568409346
2026-08-11,0.21690767519466073
2026-08-12,-0.2164627363737486
2026-08-13,0.35795328142380417
2026-08-14,-0.22049171345695068
2026-08-17,-0.08143286289126535
2026-08-18,-0.582202447163515
2026-08-19,-0.2395995550611791
2026-08-20,-0.2565072302558398
2026-08-21,0.6303259578441386
2026-08-24,-0.4420467185761958
2026-08-25,-0.29699666295884314
2026-08-26,-0.642785630854824
2026-08-27,0.48698553948832035
2026-08-28,0.26140155728587317
2026-08-31,0.23114571746384868
