month,strategy,return
2018-02,all_index_equal_weight,-0.020623787367919033
2018-03,all_index_equal_weight,-0.002952105165908603
2018-04,all_index_equal_weight,-0.0008648949531341321
2018-05,all_index_equal_weight,0.004920498144936003
2018-06,all_index_equal_weight,-0.01916422925864769
2018-07,all_index_equal_weight,0.009433182776974913
2018-08,all_index_equal_weight,-0.017006660682899466
2018-09,all_index_equal_weight,0.006714684638954083
2018-10,all_index_equal_weight,-0.04095527225626805
2018-11,all_index_equal_weight,0.009989222876737092
2018-12,all_index_equal_weight,-0.027128485043034
2019-01,all_index_equal_weight,0.022116208871460374
2019-02,all_index_equal_weight,0.05139593463618275
2019-03,all_index_equal_weight,0.026042530402147657
2019-04,all_index_equal_weight,0.00032861553487717465
2019-05,all_index_equal_weight,-0.026091761185250917
2019-06,all_index_equal_weight,0.02066755209768867
2019-07,all_index_equal_weight,0.009026167137412555
2019-08,all_index_equal_weight,0.008336035820770027
2019-09,all_index_equal_weight,0.0023012251879019896
2019-10,all_index_equal_weight,0.005918440364986122
2019-11,all_index_equal_weight,-0.0027487703021235044
2019-12,all_index_equal_weight,0.03449408552916888
2020-01,all_index_equal_weight,0.005391283195707253
2020-02,all_index_equal_weight,-0.00601587353430455
2020-03,all_index_equal_weight,-0.06218798387005886
2020-04,all_index_equal_weight,0.05132166765426738
2020-05,all_index_equal_weight,0.006415720951859383
2020-06,all_index_equal_weight,0.03762102386173494
2020-07,all_index_equal_weight,0.08048345731433937
2020-08,all_index_equal_weight,0.02180502920192695
2020-09,all_index_equal_weight,-0.043436374632188746
2020-10,all_index_equal_weight,-0.0075340945276550775
2020-11,all_index_equal_weight,0.043928430058365775
2020-12,all_index_equal_weight,0.03067568032762824
2021-01,all_index_equal_weight,-0.004014020236255189
2021-02,all_index_equal_weight,0.0024799738749343714
2021-03,all_index_equal_weight,-0.019326181089367123
2021-04,all_index_equal_weight,0.03152243068200966
2021-05,all_index_equal_weight,0.035455142309620324
2021-06,all_index_equal_weight,0.023789680183540662
2021-07,all_index_equal_weight,-0.0004225899634008323
2021-08,all_index_equal_weight,0.022055048926773013
2021-09,all_index_equal_weight,-0.0076137493270986845
2021-10,all_index_equal_weight,0.0023981482281139055
2021-11,all_index_equal_weight,0.008587293347737557
2021-12,all_index_equal_weight,0.00913771367366567
2022-01,all_index_equal_weight,-0.05820898922643536
2022-02,all_index_equal_weight,0.016963634710834397
2022-03,all_index_equal_weight,-0.021694909747824287
2022-04,all_index_equal_weight,-0.053742651401192054
2022-05,all_index_equal_weight,0.034021486100879184
2022-06,all_index_equal_weight,0.022609721141330974
2022-07,all_index_equal_weight,-0.007067480773070178
2022-08,all_index_equal_weight,-0.008382341544711958
2022-09,all_index_equal_weight,-0.05180313916072443
2022-10,all_index_equal_weight,0.007393987343230268
2022-11,all_index_equal_weight,0.04677973745277941
2022-12,all_index_equal_weight,-0.01900592907711607
2023-01,all_index_equal_weight,0.050686636925729944
2023-02,all_index_equal_weight,-0.006307065080956464
2023-03,all_index_equal_weight,0.01500368601191937
2023-04,all_index_equal_weight,-0.001183780341181384
2023-05,all_index_equal_weight,-0.016556519621195975
2023-06,all_index_equal_weight,0.02440021317867802
2023-07,all_index_equal_weight,0.029748911168783865
2023-08,all_index_equal_weight,-0.025000002051348336
2023-09,all_index_equal_weight,-0.022217191643111978
2023-10,all_index_equal_weight,-0.015403719053944442
2023-11,all_index_equal_weight,0.011440564965482514
2023-12,all_index_equal_weight,-0.005102055695098251
2024-01,all_index_equal_weight,-0.07113443299909183
2024-02,all_index_equal_weight,0.07966995509971642
2024-03,all_index_equal_weight,0.016527224722057365
2024-04,all_index_equal_weight,0.00814122930194583
2024-05,all_index_equal_weight,0.004935315117550854
2024-06,all_index_equal_weight,-0.02414238064272145
2024-07,all_index_equal_weight,-0.0025569712598025873
2024-08,all_index_equal_weight,-0.029900241406559336
2024-09,all_index_equal_weight,0.1418593564079944
2024-10,all_index_equal_weight,0.0164293191690148
2024-11,all_index_equal_weight,0.015516312493312867
2024-12,all_index_equal_weight,-0.007603749301251517
2025-01,all_index_equal_weight,-0.003014166438792154
2025-02,all_index_equal_weight,0.027989097355577197
2025-03,all_index_equal_weight,-0.008099812417412311
2025-04,all_index_equal_weight,-0.018449981951197514
2025-05,all_index_equal_weight,0.013732715626081582
2025-06,all_index_equal_weight,0.042078302876874085
2025-07,all_index_equal_weight,0.030466436083454118
2025-08,all_index_equal_weight,0.08335368848834057
2025-09,all_index_equal_weight,0.04397303038567446
2025-10,all_index_equal_weight,0.017602578743655783
2025-11,all_index_equal_weight,-0.0172197619791018
2025-12,all_index_equal_weight,0.032884569253819995
2026-01,all_index_equal_weight,0.09450058365709912
2026-02,all_index_equal_weight,0.006742002117789747
2026-03,all_index_equal_weight,-0.07429532057648458
2026-04,all_index_equal_weight,0.0799431324891351
2026-05,all_index_equal_weight,0.020469615979758382
2026-06,all_index_equal_weight,0.010595385274582592
2026-07,all_index_equal_weight,-0.05947887356922188
2026-08,all_index_equal_weight,0.03926746449166063
2026-09,all_index_equal_weight,-0.014050323893482597
2018-02,crowding_top_quantile,0.005054813612463072
2018-03,crowding_top_quantile,0.0057528788763066
2018-04,crowding_top_quantile,-0.0029668545743812835
2018-05,crowding_top_quantile,0.010085532716061163
2018-06,crowding_top_quantile,-0.01700143302678847
2018-07,crowding_top_quantile,0.01098197601003692
2018-08,crowding_top_quantile,-0.018850977157876425
2018-09,crowding_top_quantile,0.015022734743784127
2018-10,crowding_top_quantile,-0.03822721672611007
2018-11,crowding_top_quantile,0.011261976591927292
2018-12,crowding_top_quantile,-0.012886983318303846
2019-01,crowding_top_quantile,0.023637577295636536
2019-02,crowding_top_quantile,0.08818701728097422
2019-03,crowding_top_quantile,0.04329455691805806
2019-04,crowding_top_quantile,-0.006954730995351821
2019-05,crowding_top_quantile,-0.032403904627270275
2019-06,crowding_top_quantile,0.01613373357066239
2019-07,crowding_top_quantile,0.012104048946803836
2019-08,crowding_top_quantile,0.027231856115367714
2019-09,crowding_top_quantile,-0.020710228785681406
2019-10,crowding_top_quantile,0.004474004296178169
2019-11,crowding_top_quantile,-0.007680181304891898
2019-12,crowding_top_quantile,0.02056002349285735
2020-01,crowding_top_quantile,0.03431344185227947
2020-02,crowding_top_quantile,0.00016846026180705742
2020-03,crowding_top_quantile,-0.06357104447598128
2020-04,crowding_top_quantile,0.04718840703232163
2020-05,crowding_top_quantile,0.0033779806853289074
2020-06,crowding_top_quantile,0.047641551480466005
2020-07,crowding_top_quantile,0.10346534662495266
2020-08,crowding_top_quantile,0.03607714741864898
2020-09,crowding_top_quantile,-0.04538316720004265
2020-10,crowding_top_quantile,-0.008716955081816802
2020-11,crowding_top_quantile,0.06331468475438107
2020-12,crowding_top_quantile,0.011269166341047798
2021-01,crowding_top_quantile,-0.01844799704830935
2021-02,crowding_top_quantile,0.0024245568815510765
2021-03,crowding_top_quantile,-0.013441021815810417
2021-04,crowding_top_quantile,0.031117434989744286
2021-05,crowding_top_quantile,0.00753925657310095
2021-06,crowding_top_quantile,0.06313137732866969
2021-07,crowding_top_quantile,0.010212464094707219
2021-08,crowding_top_quantile,0.0450796680339316
2021-09,crowding_top_quantile,0.0039891933363178644
2021-10,crowding_top_quantile,-0.009627043861625273
2021-11,crowding_top_quantile,-0.0008957698387068724
2021-12,crowding_top_quantile,0.01230056331292384
2022-01,crowding_top_quantile,-0.06446496153907078
2022-02,crowding_top_quantile,0.012137117094271233
2022-03,crowding_top_quantile,0.006938658272904297
2022-04,crowding_top_quantile,-0.03896099929884045
2022-05,crowding_top_quantile,0.0244890977142298
2022-06,crowding_top_quantile,0.03437839193922665
2022-07,crowding_top_quantile,0.0004017402307989748
2022-08,crowding_top_quantile,-0.03310920290419639
2022-09,crowding_top_quantile,-0.01822170439478199
2022-10,crowding_top_quantile,-0.01438073230916792
2022-11,crowding_top_quantile,0.02344658743129302
2022-12,crowding_top_quantile,-0.01346961451224149
2023-01,crowding_top_quantile,0.027752050613228052
2023-02,crowding_top_quantile,0.006715328636301976
2023-03,crowding_top_quantile,0.03831551109668063
2023-04,crowding_top_quantile,-0.006225736763082468
2023-05,crowding_top_quantile,-0.02630907878092259
2023-06,crowding_top_quantile,0.01275121582068417
2023-07,crowding_top_quantile,0.028589674817429023
2023-08,crowding_top_quantile,-0.012709561183396167
2023-09,crowding_top_quantile,-0.027675344281922643
2023-10,crowding_top_quantile,-0.011623673570316462
2023-11,crowding_top_quantile,0.012403276067781244
2023-12,crowding_top_quantile,-0.0046509170805136835
2024-01,crowding_top_quantile,-0.03568784005050396
2024-02,crowding_top_quantile,0.0627870422479635
2024-03,crowding_top_quantile,0.013394494023891923
2024-04,crowding_top_quantile,-0.01330011553144661
2024-05,crowding_top_quantile,-0.0034979275027632317
2024-06,crowding_top_quantile,-0.01768007875860944
2024-07,crowding_top_quantile,-0.014948241861749367
2024-08,crowding_top_quantile,-0.04721020437750201
2024-09,crowding_top_quantile,0.1990822844372
2024-10,crowding_top_quantile,0.01218945906150437
2024-11,crowding_top_quantile,0.0431178125653342
2024-12,crowding_top_quantile,-0.009957510920223012
2025-01,crowding_top_quantile,0.009783556099099311
2025-02,crowding_top_quantile,0.012744654363450403
2025-03,crowding_top_quantile,-0.010282443117578866
2025-04,crowding_top_quantile,0.003478866766919886
2025-05,crowding_top_quantile,0.006123209666332841
2025-06,crowding_top_quantile,0.026942035750867843
2025-07,crowding_top_quantile,0.03303458940698478
2025-08,crowding_top_quantile,0.1433264913940946
2025-09,crowding_top_quantile,0.03829281637670112
2025-10,crowding_top_quantile,0.050163769301597494
2025-11,crowding_top_quantile,-0.01789798034052914
2025-12,crowding_top_quantile,0.05620354164350427
2026-01,crowding_top_quantile,0.16074534745157654
2026-02,crowding_top_quantile,0.043652330999098155
2026-03,crowding_top_quantile,-0.030625197229079415
2026-04,crowding_top_quantile,0.040435566192947636
2026-05,crowding_top_quantile,0.09026947124871154
2026-06,crowding_top_quantile,0.006232169682285127
2026-07,crowding_top_quantile,-0.1283299116705472
2026-08,crowding_top_quantile,0.023436814138540152
2026-09,crowding_top_quantile,-0.018253882267463828
2018-02,csi300_etf_buy_hold,-0.05876843830484657
2018-03,csi300_etf_buy_hold,-0.030845771144278333
2018-04,csi300_etf_buy_hold,-0.036447638603696264
2018-05,csi300_etf_buy_hold,0.01305274374001053
2018-06,csi300_etf_buy_hold,-0.06994478043649766
2018-07,csi300_etf_buy_hold,0.0107435679954766
2018-08,csi300_etf_buy_hold,-0.05174825174825204
2018-09,csi300_etf_buy_hold,0.034808259587020496
2018-10,csi300_etf_buy_hold,-0.08637400228050185
2018-11,csi300_etf_buy_hold,0.009360374414976835
2018-12,csi300_etf_buy_hold,-0.05440494590417311
2019-01,csi300_etf_buy_hold,0.06657133705021101
2019-02,csi300_etf_buy_hold,0.14397251717676407
2019-03,csi300_etf_buy_hold,0.056238056238056
2019-04,csi300_etf_buy_hold,0.00697854742827575
2019-05,csi300_etf_buy_hold,-0.06776180698151946
2019-06,csi300_etf_buy_hold,0.06249999999999978
2019-07,csi300_etf_buy_hold,0.009587976159626699
2019-08,csi300_etf_buy_hold,-0.00898357289527707
2019-09,csi300_etf_buy_hold,0.002072002072002199
2019-10,csi300_etf_buy_hold,0.01964331868699909
2019-11,csi300_etf_buy_hold,-0.01470215462610891
2019-12,csi300_etf_buy_hold,0.07051649153228112
2020-01,csi300_etf_buy_hold,-0.02441406250000011
2020-02,csi300_etf_buy_hold,-0.015765765765765605
2020-03,csi300_etf_buy_hold,-0.06712433257055694
2020-04,csi300_etf_buy_hold,0.06514036522213118
2020-05,csi300_etf_buy_hold,-0.010747185261003045
2020-06,csi300_etf_buy_hold,0.08070356958096192
2020-07,csi300_etf_buy_hold,0.13690761129727158
2020-08,csi300_etf_buy_hold,0.02610526315789441
2020-09,csi300_etf_buy_hold,-0.04677882642593334
2020-10,csi300_etf_buy_hold,0.023891519586741072
2020-11,csi300_etf_buy_hold,0.05759932730712669
2020-12,csi300_etf_buy_hold,0.05088451600079491
2021-01,csi300_etf_buy_hold,0.024859205018871178
2021-02,csi300_etf_buy_hold,-0.0035527299925208755
2021-03,csi300_etf_buy_hold,-0.05235503846875578
2021-04,csi300_etf_buy_hold,0.015445544554455237
2021-05,csi300_etf_buy_hold,0.0409516380655226
2021-06,csi300_etf_buy_hold,-0.015361558636192929
2021-07,csi300_etf_buy_hold,-0.07305936073059416
2021-08,csi300_etf_buy_hold,0.001436781609195581
2021-09,csi300_etf_buy_hold,0.011477761836442335
2021-10,csi300_etf_buy_hold,0.009321175278622418
2021-11,csi300_etf_buy_hold,-0.01405340293113877
2021-12,csi300_etf_buy_hold,0.01975157809000261
2022-01,csi300_etf_buy_hold,-0.0764551122809628
2022-02,csi300_etf_buy_hold,0.003732981993851414
2022-03,csi300_etf_buy_hold,-0.07722598993655683
2022-04,csi300_etf_buy_hold,-0.04812707444286379
2022-05,csi300_etf_buy_hold,0.018430884184308827
2022-06,csi300_etf_buy_hold,0.10247004157495754
2022-07,csi300_etf_buy_hold,-0.06388642413487167
2022-08,csi300_etf_buy_hold,-0.018720379146919375
2022-09,csi300_etf_buy_hold,-0.06592610480560279
2022-10,csi300_etf_buy_hold,-0.07833505687693898
2022-11,csi300_etf_buy_hold,0.09705469845722292
2022-12,csi300_etf_buy_hold,0.0069036052160573735
2023-01,csi300_etf_buy_hold,0.07272095159214542
2023-02,csi300_etf_buy_hold,-0.02115893243568212
2023-03,csi300_etf_buy_hold,-0.005158437730286791
2023-04,csi300_etf_buy_hold,-0.006172839506172312
2023-05,csi300_etf_buy_hold,-0.05540372670807481
2023-06,csi300_etf_buy_hold,0.02104155707522315
2023-07,csi300_etf_buy_hold,0.052035033487892735
2023-08,csi300_etf_buy_hold,-0.0599902056807049
2023-09,csi300_etf_buy_hold,-0.01953633758791362
2023-10,csi300_etf_buy_hold,-0.031880977683315326
2023-11,csi300_etf_buy_hold,-0.022502744237101635
2023-12,csi300_etf_buy_hold,-0.01768669286917479
2024-01,csi300_etf_buy_hold,-0.059463899984713464
2024-02,csi300_etf_buy_hold,0.08721291123525732
2024-03,csi300_etf_buy_hold,0.006565800742221128
2024-04,csi300_etf_buy_hold,0.020419739081111832
2024-05,csi300_etf_buy_hold,-0.00444691495275118
2024-06,csi300_etf_buy_hold,-0.026521496370742748
2024-07,csi300_etf_buy_hold,0.006022368798393796
2024-08,csi300_etf_buy_hold,-0.033067274800456015
2024-09,csi300_etf_buy_hold,0.2479363207547176
2024-10,csi300_etf_buy_hold,-0.0618946373730217
2024-11,csi300_etf_buy_hold,0.007554772097708051
2024-12,csi300_etf_buy_hold,0.005248687828042664
2025-01,csi300_etf_buy_hold,-0.02859273993038325
2025-02,csi300_etf_buy_hold,0.02226772459687698
2025-03,csi300_etf_buy_hold,-0.0025037556334499556
2025-04,csi300_etf_buy_hold,-0.029618473895582476
2025-05,csi300_etf_buy_hold,0.024055871702017395
2025-06,csi300_etf_buy_hold,0.028460665353571724
2025-07,csi300_etf_buy_hold,0.04344550477147191
2025-08,csi300_etf_buy_hold,0.1073405535499401
2025-09,csi300_etf_buy_hold,0.030428167789611438
2025-10,csi300_etf_buy_hold,0.0031638894747945123
2025-11,csi300_etf_buy_hold,-0.025441547518923913
2025-12,csi300_etf_buy_hold,0.025458468176914995
2026-01,csi300_etf_buy_hold,0.016925700452558923
2026-02,csi300_etf_buy_hold,0.002971768202080227
2026-03,csi300_etf_buy_hold,-0.05544973544973497
2026-04,csi300_etf_buy_hold,0.08088729554111529
2026-05,csi300_etf_buy_hold,0.020522388059701857
2026-06,csi300_etf_buy_hold,0.01950030469226105
2026-07,csi300_etf_buy_hold,-0.07292289300657506
2026-08,csi300_etf_buy_hold,0.006877283473027962
2026-09,csi300_etf_buy_hold,-0.016435432230522795
2018-02,momentum_crowding_convex,0.01056392655181071
2018-03,momentum_crowding_convex,0.003651759660125542
2018-04,momentum_crowding_convex,0.007002124995292736
2018-05,momentum_crowding_convex,0.014113612016873445
2018-06,momentum_crowding_convex,0.009489914926262166
2018-07,momentum_crowding_convex,0.02548875938686579
2018-08,momentum_crowding_convex,-0.017601039503919225
2018-09,momentum_crowding_convex,0.003858853001038387
2018-10,momentum_crowding_convex,-0.06721546961496383
2018-11,momentum_crowding_convex,0.00012913475295150967
2018-12,momentum_crowding_convex,-0.012754590592074289
2019-01,momentum_crowding_convex,0.018048090391067362
2019-02,momentum_crowding_convex,0.06082617380101918
2019-03,momentum_crowding_convex,0.05055132017214636
2019-04,momentum_crowding_convex,0.013154366153622865
2019-05,momentum_crowding_convex,-0.03152727602751093
2019-06,momentum_crowding_convex,0.03465674734943347
2019-07,momentum_crowding_convex,0.009631731022953227
2019-08,momentum_crowding_convex,0.04406899831089195
2019-09,momentum_crowding_convex,-0.012802842700476491
2019-10,momentum_crowding_convex,0.0054966971081311655
2019-11,momentum_crowding_convex,0.019017157218005343
2019-12,momentum_crowding_convex,0.023283967583995313
2020-01,momentum_crowding_convex,-0.004790236873444265
2020-02,momentum_crowding_convex,-0.004443104771526207
2020-03,momentum_crowding_convex,-0.025488506012303902
2020-04,momentum_crowding_convex,0.0404931230920349
2020-05,momentum_crowding_convex,0.007655122817646687
2020-06,momentum_crowding_convex,0.042448359166474825
2020-07,momentum_crowding_convex,0.14275732520084405
2020-08,momentum_crowding_convex,0.029734733779265055
2020-09,momentum_crowding_convex,-0.025557846463150846
2020-10,momentum_crowding_convex,0.0054798599480816446
2020-11,momentum_crowding_convex,0.0492213083040558
2020-12,momentum_crowding_convex,0.011711948810423367
2021-01,momentum_crowding_convex,-0.019057526129999225
2021-02,momentum_crowding_convex,0.02154786973029399
2021-03,momentum_crowding_convex,-0.003052952074273252
2021-04,momentum_crowding_convex,0.03661975225367997
2021-05,momentum_crowding_convex,0.016098104092831855
2021-06,momentum_crowding_convex,0.06953665214142934
2021-07,momentum_crowding_convex,0.01794077342011069
2021-08,momentum_crowding_convex,0.017426721710797066
2021-09,momentum_crowding_convex,-0.008713727483725342
2021-10,momentum_crowding_convex,-0.005155589457952692
2021-11,momentum_crowding_convex,0.020402983576831568
2021-12,momentum_crowding_convex,-0.005070401765740473
2022-01,momentum_crowding_convex,-0.005975895762755257
2022-02,momentum_crowding_convex,0.026747760997681613
2022-03,momentum_crowding_convex,0.004278421097741347
2022-04,momentum_crowding_convex,-0.02264429850201588
2022-05,momentum_crowding_convex,0.008397064234936247
2022-06,momentum_crowding_convex,-0.012932622652526815
2022-07,momentum_crowding_convex,-0.01701840523576459
2022-08,momentum_crowding_convex,-0.0037190307294493463
2022-09,momentum_crowding_convex,-0.004644433890490074
2022-10,momentum_crowding_convex,0.0038053032433147393
2022-11,momentum_crowding_convex,0.01884205636134051
2022-12,momentum_crowding_convex,0.010187392759689384
2023-01,momentum_crowding_convex,0.019468388603604447
2023-02,momentum_crowding_convex,-0.018899910594775027
2023-03,momentum_crowding_convex,0.009700565239908698
2023-04,momentum_crowding_convex,0.00795263470127594
2023-05,momentum_crowding_convex,-0.006439798759084292
2023-06,momentum_crowding_convex,0.006321172224694083
2023-07,momentum_crowding_convex,0.061380107541603834
2023-08,momentum_crowding_convex,-0.008227842457018575
2023-09,momentum_crowding_convex,-0.019033557086968633
2023-10,momentum_crowding_convex,-0.01656135840297135
2023-11,momentum_crowding_convex,-0.013194206745434256
2023-12,momentum_crowding_convex,0.014053836066266978
2024-01,momentum_crowding_convex,0.002790194640474919
2024-02,momentum_crowding_convex,0.023406367527918137
2024-03,momentum_crowding_convex,0.021268980759744593
2024-04,momentum_crowding_convex,-0.010116181899566978
2024-05,momentum_crowding_convex,0.009558717100978331
2024-06,momentum_crowding_convex,-0.0034051464991534663
2024-07,momentum_crowding_convex,-0.004566103144169165
2024-08,momentum_crowding_convex,-0.026601132700196928
2024-09,momentum_crowding_convex,0.07289129654793802
2024-10,momentum_crowding_convex,0.0035921613935536723
2024-11,momentum_crowding_convex,0.013473040662469682
2024-12,momentum_crowding_convex,-0.011157061800633694
2025-01,momentum_crowding_convex,0.019104513720708427
2025-02,momentum_crowding_convex,0.008620745148837816
2025-03,momentum_crowding_convex,0.0211332695747366
2025-04,momentum_crowding_convex,-0.006973904503491335
2025-05,momentum_crowding_convex,0.01711501884231903
2025-06,momentum_crowding_convex,0.018375084863674784
2025-07,momentum_crowding_convex,0.024884242222819486
2025-08,momentum_crowding_convex,0.10798246607967621
2025-09,momentum_crowding_convex,0.028311957140784383
2025-10,momentum_crowding_convex,0.024247356928594144
2025-11,momentum_crowding_convex,-0.029130135562825732
2025-12,momentum_crowding_convex,0.01673404955582125
2026-01,momentum_crowding_convex,0.11898710382812494
2026-02,momentum_crowding_convex,0.03800884225585954
2026-03,momentum_crowding_convex,-0.02444521938697175
2026-04,momentum_crowding_convex,0.032892457324812385
2026-05,momentum_crowding_convex,0.04689060966913394
2026-06,momentum_crowding_convex,-0.022927721838132298
2026-07,momentum_crowding_convex,-0.029047142233483036
2026-08,momentum_crowding_convex,0.01820546899739095
2026-09,momentum_crowding_convex,-0.02676423680017792
2018-02,momentum_crowding_convex_trend,0.003543088235572256
2018-03,momentum_crowding_convex_trend,-0.0015181095313530069
2018-04,momentum_crowding_convex_trend,0.010190348509140135
2018-05,momentum_crowding_convex_trend,0.011140712007258635
2018-06,momentum_crowding_convex_trend,0.008736300183727508
2018-07,momentum_crowding_convex_trend,0.004409899756795399
2018-08,momentum_crowding_convex_trend,-0.015141694151381002
2018-09,momentum_crowding_convex_trend,-0.007473217466431481
2018-10,momentum_crowding_convex_trend,-0.0185308484570621
2018-11,momentum_crowding_convex_trend,-0.010053017020704158
2018-12,momentum_crowding_convex_trend,-0.011998388337478016
2019-01,momentum_crowding_convex_trend,0.000760573758036065
2019-02,momentum_crowding_convex_trend,0.029150945108032733
2019-03,momentum_crowding_convex_trend,0.04616347491826622
2019-04,momentum_crowding_convex_trend,0.015666831076458942
2019-05,momentum_crowding_convex_trend,-0.03150569629263078
2019-06,momentum_crowding_convex_trend,0.034656747349434136
2019-07,momentum_crowding_convex_trend,0.00963173102295456
2019-08,momentum_crowding_convex_trend,0.044068998310891505
2019-09,momentum_crowding_convex_trend,-0.012802842700476824
2019-10,momentum_crowding_convex_trend,0.0054966971081311655
2019-11,momentum_crowding_convex_trend,0.0190171572180049
2019-12,momentum_crowding_convex_trend,0.023283967583995313
2020-01,momentum_crowding_convex_trend,-0.004790236873444376
2020-02,momentum_crowding_convex_trend,-0.0044431047715268734
2020-03,momentum_crowding_convex_trend,-0.04499628960148139
2020-04,momentum_crowding_convex_trend,0.008955036052092913
2020-05,momentum_crowding_convex_trend,0.010056831624390083
2020-06,momentum_crowding_convex_trend,0.018096403179741927
2020-07,momentum_crowding_convex_trend,0.14226557328526668
2020-08,momentum_crowding_convex_trend,0.029511722346246216
2020-09,momentum_crowding_convex_trend,-0.02546779116389375
2020-10,momentum_crowding_convex_trend,0.0054993134252347975
2020-11,momentum_crowding_convex_trend,0.049226965470211326
2020-12,momentum_crowding_convex_trend,0.011711948810422923
2021-01,momentum_crowding_convex_trend,-0.01905752612999878
2021-02,momentum_crowding_convex_trend,0.021547869730294433
2021-03,momentum_crowding_convex_trend,-0.003052952074273141
2021-04,momentum_crowding_convex_trend,0.03661975225368019
2021-05,momentum_crowding_convex_trend,0.016098104092831855
2021-06,momentum_crowding_convex_trend,0.06953665214142979
2021-07,momentum_crowding_convex_trend,0.017940773420110467
2021-08,momentum_crowding_convex_trend,0.012540371858324795
2021-09,momentum_crowding_convex_trend,0.0025144292219492215
2021-10,momentum_crowding_convex_trend,-0.00426288911558137
2021-11,momentum_crowding_convex_trend,0.006210792219214278
2021-12,momentum_crowding_convex_trend,-0.02857317726183861
2022-01,momentum_crowding_convex_trend,-0.001248881916602218
2022-02,momentum_crowding_convex_trend,-0.007627198686120162
2022-03,momentum_crowding_convex_trend,0.0034908393468198184
2022-04,momentum_crowding_convex_trend,-0.004098524012577709
2022-05,momentum_crowding_convex_trend,0.003558897062168054
2022-06,momentum_crowding_convex_trend,-0.011485430338108227
2022-07,momentum_crowding_convex_trend,-0.0027168219259353643
2022-08,momentum_crowding_convex_trend,0.003141419003012791
2022-09,momentum_crowding_convex_trend,0.0015779236854227552
2022-10,momentum_crowding_convex_trend,0.001997514352487073
2022-11,momentum_crowding_convex_trend,0.0194214494843461
2022-12,momentum_crowding_convex_trend,0.005609804493896586
2023-01,momentum_crowding_convex_trend,0.00744580091350211
2023-02,momentum_crowding_convex_trend,-0.020336462610207717
2023-03,momentum_crowding_convex_trend,0.009334926307303926
2023-04,momentum_crowding_convex_trend,0.01698082112153343
2023-05,momentum_crowding_convex_trend,-0.014406100146776901
2023-06,momentum_crowding_convex_trend,-0.015114336017196806
2023-07,momentum_crowding_convex_trend,0.015894210040624523
2023-08,momentum_crowding_convex_trend,-0.02116097790961069
2023-09,momentum_crowding_convex_trend,-0.014489960721682626
2023-10,momentum_crowding_convex_trend,-0.007105953762559181
2023-11,momentum_crowding_convex_trend,-0.004100884176523656
2023-12,momentum_crowding_convex_trend,0.01137181810866883
2024-01,momentum_crowding_convex_trend,-0.00456158626918346
2024-02,momentum_crowding_convex_trend,0.004450179304605673
2024-03,momentum_crowding_convex_trend,0.011618671456421925
2024-04,momentum_crowding_convex_trend,-0.011737091045595172
2024-05,momentum_crowding_convex_trend,0.008299132071702076
2024-06,momentum_crowding_convex_trend,-0.011721331943528868
2024-07,momentum_crowding_convex_trend,-0.023425297173488624
2024-08,momentum_crowding_convex_trend,-0.00139185178832113
2024-09,momentum_crowding_convex_trend,0.004030429430527116
2024-10,momentum_crowding_convex_trend,-0.010879533481225279
2024-11,momentum_crowding_convex_trend,0.017096630305564187
2024-12,momentum_crowding_convex_trend,-0.011147369073554403
2025-01,momentum_crowding_convex_trend,0.019104513720708427
2025-02,momentum_crowding_convex_trend,0.008620745148837816
2025-03,momentum_crowding_convex_trend,0.02113326957473638
2025-04,momentum_crowding_convex_trend,-0.006973904503491446
2025-05,momentum_crowding_convex_trend,0.01711501884231903
2025-06,momentum_crowding_convex_trend,0.01837508486367545
2025-07,momentum_crowding_convex_trend,0.024884242222819708
2025-08,momentum_crowding_convex_trend,0.10798246607967599
2025-09,momentum_crowding_convex_trend,0.02831195714078527
2025-10,momentum_crowding_convex_trend,0.024247356928593478
2025-11,momentum_crowding_convex_trend,-0.0291301355628254
2025-12,momentum_crowding_convex_trend,0.016734049555820807
2026-01,momentum_crowding_convex_trend,0.11898710382812427
2026-02,momentum_crowding_convex_trend,0.03800884225585954
2026-03,momentum_crowding_convex_trend,-0.02444521938697175
2026-04,momentum_crowding_convex_trend,0.032892457324812385
2026-05,momentum_crowding_convex_trend,0.046890609669133054
2026-06,momentum_crowding_convex_trend,-0.02292772183813263
2026-07,momentum_crowding_convex_trend,-0.028154530824657797
2026-08,momentum_crowding_convex_trend,-0.0023783207241325766
2026-09,momentum_crowding_convex_trend,-0.012237884662319565
2018-02,momentum_crowding_penalty,0.007064429292124252
2018-03,momentum_crowding_penalty,-0.010351401564352547
2018-04,momentum_crowding_penalty,0.005375464995783341
2018-05,momentum_crowding_penalty,0.012328027861561841
2018-06,momentum_crowding_penalty,-0.0014957902688972347
2018-07,momentum_crowding_penalty,0.020750648862921217
2018-08,momentum_crowding_penalty,-0.04262099378193118
2018-09,momentum_crowding_penalty,0.012717914393490126
2018-10,momentum_crowding_penalty,-0.04728943890219828
2018-11,momentum_crowding_penalty,-0.014670847426247469
2018-12,momentum_crowding_penalty,-0.03855660977099595
2019-01,momentum_crowding_penalty,0.0074949891044095995
2019-02,momentum_crowding_penalty,0.07949992511865966
2019-03,momentum_crowding_penalty,0.05527587016733815
2019-04,momentum_crowding_penalty,-0.015547215636339318
2019-05,momentum_crowding_penalty,-0.01875943787261336
2019-06,momentum_crowding_penalty,0.018808282220504235
2019-07,momentum_crowding_penalty,0.0014745127497524102
2019-08,momentum_crowding_penalty,0.0004429074018459378
2019-09,momentum_crowding_penalty,-0.0025921264102584107
2019-10,momentum_crowding_penalty,-0.003566533337669764
2019-11,momentum_crowding_penalty,-0.006753133012526558
2019-12,momentum_crowding_penalty,0.0237577226611414
2020-01,momentum_crowding_penalty,0.011239789628892716
2020-02,momentum_crowding_penalty,-0.012443600825121748
2020-03,momentum_crowding_penalty,-0.023725824249555383
2020-04,momentum_crowding_penalty,0.04439360420398142
2020-05,momentum_crowding_penalty,0.013725245783534845
2020-06,momentum_crowding_penalty,0.06664404210227981
2020-07,momentum_crowding_penalty,0.16091210014545498
2020-08,momentum_crowding_penalty,0.045513103831226864
2020-09,momentum_crowding_penalty,-0.02631807423020016
2020-10,momentum_crowding_penalty,-0.004136050253438328
2020-11,momentum_crowding_penalty,0.029886538534179552
2020-12,momentum_crowding_penalty,0.009852914850109418
2021-01,momentum_crowding_penalty,-0.025702291482788797
2021-02,momentum_crowding_penalty,-0.009011033853350225
2021-03,momentum_crowding_penalty,0.014913627486508041
2021-04,momentum_crowding_penalty,0.021480226471649155
2021-05,momentum_crowding_penalty,0.03780439081389053
2021-06,momentum_crowding_penalty,0.06150623530628385
2021-07,momentum_crowding_penalty,0.004503849527296433
2021-08,momentum_crowding_penalty,0.017291804498596353
2021-09,momentum_crowding_penalty,0.012861629323207335
2021-10,momentum_crowding_penalty,0.009141474847622844
2021-11,momentum_crowding_penalty,0.045905607426705686
2021-12,momentum_crowding_penalty,-0.02514160924492259
2022-01,momentum_crowding_penalty,-0.03209759436692916
2022-02,momentum_crowding_penalty,0.03618630039150994
2022-03,momentum_crowding_penalty,-0.0008065905153740172
2022-04,momentum_crowding_penalty,-0.040322830245031915
2022-05,momentum_crowding_penalty,0.042252748711664845
2022-06,momentum_crowding_penalty,0.037070199293239625
2022-07,momentum_crowding_penalty,-0.002073744716816206
2022-08,momentum_crowding_penalty,-0.002933527099430955
2022-09,momentum_crowding_penalty,-0.04608756521642088
2022-10,momentum_crowding_penalty,0.019530792609953496
2022-11,momentum_crowding_penalty,-0.0006357840160894357
2022-12,momentum_crowding_penalty,-0.007423972853627947
2023-01,momentum_crowding_penalty,0.02740664390681946
2023-02,momentum_crowding_penalty,-0.010239955614317675
2023-03,momentum_crowding_penalty,-0.005344835440099338
2023-04,momentum_crowding_penalty,0.004717195158171705
2023-05,momentum_crowding_penalty,-0.01886499191307056
2023-06,momentum_crowding_penalty,0.010854599318959268
2023-07,momentum_crowding_penalty,0.01997932882104414
2023-08,momentum_crowding_penalty,-0.024701910520174564
2023-09,momentum_crowding_penalty,-0.020780923634174497
2023-10,momentum_crowding_penalty,-0.025746721486045177
2023-11,momentum_crowding_penalty,0.002809231981728999
2023-12,momentum_crowding_penalty,0.006970027701713066
2024-01,momentum_crowding_penalty,-0.024558276356908326
2024-02,momentum_crowding_penalty,0.029234704015832502
2024-03,momentum_crowding_penalty,0.0048159417087900724
2024-04,momentum_crowding_penalty,0.005427872798466016
2024-05,momentum_crowding_penalty,-0.00706708736747097
2024-06,momentum_crowding_penalty,-0.022499968279070304
2024-07,momentum_crowding_penalty,0.0004996414305036279
2024-08,momentum_crowding_penalty,-0.02507950416415916
2024-09,momentum_crowding_penalty,0.03539301662657701
2024-10,momentum_crowding_penalty,0.0006746900389502652
2024-11,momentum_crowding_penalty,0.02094503770784395
2024-12,momentum_crowding_penalty,-0.007352042853729479
2025-01,momentum_crowding_penalty,0.00047857140532236997
2025-02,momentum_crowding_penalty,0.028341327084144385
2025-03,momentum_crowding_penalty,0.012433256127039938
2025-04,momentum_crowding_penalty,-0.014422251457022472
2025-05,momentum_crowding_penalty,-0.01373526604008013
2025-06,momentum_crowding_penalty,0.025778466842937053
2025-07,momentum_crowding_penalty,0.00906562243082698
2025-08,momentum_crowding_penalty,0.1271544053066871
2025-09,momentum_crowding_penalty,0.05568291782772983
2025-10,momentum_crowding_penalty,-0.014194404295147955
2025-11,momentum_crowding_penalty,-0.043287003151650794
2025-12,momentum_crowding_penalty,0.05430833666062318
2026-01,momentum_crowding_penalty,0.20856637672706535
2026-02,momentum_crowding_penalty,0.026341810803677257
2026-03,momentum_crowding_penalty,-0.04210255249380479
2026-04,momentum_crowding_penalty,0.06161648525658414
2026-05,momentum_crowding_penalty,0.09098254491833035
2026-06,momentum_crowding_penalty,-0.01261430877355274
2026-07,momentum_crowding_penalty,-0.12055912051109374
2026-08,momentum_crowding_penalty,0.007743997010116965
2026-09,momentum_crowding_penalty,-0.030671294414195915
2018-02,momentum_crowding_penalty_trend,0.003543088235572256
2018-03,momentum_crowding_penalty_trend,-0.005082011310526213
2018-04,momentum_crowding_penalty_trend,0.0027035947823914608
2018-05,momentum_crowding_penalty_trend,0.006201287979829884
2018-06,momentum_crowding_penalty_trend,-0.0007031207902304937
2018-07,momentum_crowding_penalty_trend,0.010366249647059789
2018-08,momentum_crowding_penalty_trend,-0.021470665745195294
2018-09,momentum_crowding_penalty_trend,0.006367927332365797
2018-10,momentum_crowding_penalty_trend,-0.02377267163618335
2018-11,momentum_crowding_penalty_trend,-0.007276160353086758
2018-12,momentum_crowding_penalty_trend,-0.019396758275619708
2019-01,momentum_crowding_penalty_trend,0.003773504734279509
2019-02,momentum_crowding_penalty_trend,0.03306028479820822
2019-03,momentum_crowding_penalty_trend,0.05527587016733859
2019-04,momentum_crowding_penalty_trend,-0.01554721563633854
2019-05,momentum_crowding_penalty_trend,-0.01875943787261336
2019-06,momentum_crowding_penalty_trend,0.018808282220504458
2019-07,momentum_crowding_penalty_trend,0.001474512749751744
2019-08,momentum_crowding_penalty_trend,0.00044290740184615984
2019-09,momentum_crowding_penalty_trend,-0.002592126410259188
2019-10,momentum_crowding_penalty_trend,-0.003566533337669764
2019-11,momentum_crowding_penalty_trend,-0.0067531330125262246
2019-12,momentum_crowding_penalty_trend,0.023757722661140956
2020-01,momentum_crowding_penalty_trend,0.011239789628892716
2020-02,momentum_crowding_penalty_trend,-0.012443600825121415
2020-03,momentum_crowding_penalty_trend,-0.028704688618589325
2020-04,momentum_crowding_penalty_trend,0.01893530455318615
2020-05,momentum_crowding_penalty_trend,-0.000972498740350769
2020-06,momentum_crowding_penalty_trend,0.041101275430104556
2020-07,momentum_crowding_penalty_trend,0.1609121001454552
2020-08,momentum_crowding_penalty_trend,0.045513103831227086
2020-09,momentum_crowding_penalty_trend,-0.02631807423020016
2020-10,momentum_crowding_penalty_trend,-0.004136050253437995
2020-11,momentum_crowding_penalty_trend,0.029886538534179552
2020-12,momentum_crowding_penalty_trend,0.009852914850109418
2021-01,momentum_crowding_penalty_trend,-0.02570229148278913
2021-02,momentum_crowding_penalty_trend,-0.00901103385334956
2021-03,momentum_crowding_penalty_trend,0.014913627486508263
2021-04,momentum_crowding_penalty_trend,0.021480226471648933
2021-05,momentum_crowding_penalty_trend,0.03780439081389009
2021-06,momentum_crowding_penalty_trend,0.06150623530628452
2021-07,momentum_crowding_penalty_trend,0.004503849527296655
2021-08,momentum_crowding_penalty_trend,0.010354812934341151
2021-09,momentum_crowding_penalty_trend,0.004460847546482238
2021-10,momentum_crowding_penalty_trend,0.003103984573433083
2021-11,momentum_crowding_penalty_trend,0.015181434386958736
2021-12,momentum_crowding_penalty_trend,-0.025087461897897012
2022-01,momentum_crowding_penalty_trend,-0.010720703800357612
2022-02,momentum_crowding_penalty_trend,0.011984783622800865
2022-03,momentum_crowding_penalty_trend,-8.387308692670015e-05
2022-04,momentum_crowding_penalty_trend,-0.013389587593556018
2022-05,momentum_crowding_penalty_trend,0.014010065960842644
2022-06,momentum_crowding_penalty_trend,0.012502116245572958
2022-07,momentum_crowding_penalty_trend,-0.0005429716817969554
2022-08,momentum_crowding_penalty_trend,-0.0008809422270631417
2022-09,momentum_crowding_penalty_trend,-0.015444305757971732
2022-10,momentum_crowding_penalty_trend,0.006543279430891724
2022-11,momentum_crowding_penalty_trend,-7.683725076845782e-05
2022-12,momentum_crowding_penalty_trend,-0.0023720408196074017
2023-01,momentum_crowding_penalty_trend,0.012788466011090849
2023-02,momentum_crowding_penalty_trend,-0.01023995561431812
2023-03,momentum_crowding_penalty_trend,-0.001704910577822294
2023-04,momentum_crowding_penalty_trend,0.004717195158171705
2023-05,momentum_crowding_penalty_trend,-0.016058009468574497
2023-06,momentum_crowding_penalty_trend,-0.013111240072520625
2023-07,momentum_crowding_penalty_trend,-0.0006127231564114766
2023-08,momentum_crowding_penalty_trend,-0.03166674991246943
2023-09,momentum_crowding_penalty_trend,-0.006930364269501221
2023-10,momentum_crowding_penalty_trend,-0.00860968222937275
2023-11,momentum_crowding_penalty_trend,0.0009752019788431543
2023-12,momentum_crowding_penalty_trend,0.002394300531989524
2024-01,momentum_crowding_penalty_trend,-0.008209474097565672
2024-02,momentum_crowding_penalty_trend,0.00980693644981434
2024-03,momentum_crowding_penalty_trend,0.0018156489832426015
2024-04,momentum_crowding_penalty_trend,0.0018896495055540363
2024-05,momentum_crowding_penalty_trend,-0.011835046468142374
2024-06,momentum_crowding_penalty_trend,-0.024373517432688785
2024-07,momentum_crowding_penalty_trend,-0.01922298795913291
2024-08,momentum_crowding_penalty_trend,-0.008383810075275111
2024-09,momentum_crowding_penalty_trend,0.011610542260374501
2024-10,momentum_crowding_penalty_trend,0.0006746900389507093
2024-11,momentum_crowding_penalty_trend,0.020945037707844172
2024-12,momentum_crowding_penalty_trend,-0.007352042853729812
2025-01,momentum_crowding_penalty_trend,0.00047857140532236997
2025-02,momentum_crowding_penalty_trend,0.028341327084144607
2025-03,momentum_crowding_penalty_trend,0.01243325612704016
2025-04,momentum_crowding_penalty_trend,-0.014422251457022695
2025-05,momentum_crowding_penalty_trend,-0.01373526604008013
2025-06,momentum_crowding_penalty_trend,0.025778466842937275
2025-07,momentum_crowding_penalty_trend,0.009065622430827869
2025-08,momentum_crowding_penalty_trend,0.12715440530668753
2025-09,momentum_crowding_penalty_trend,0.055682917827729606
2025-10,momentum_crowding_penalty_trend,-0.014194404295147955
2025-11,momentum_crowding_penalty_trend,-0.043287003151651016
2025-12,momentum_crowding_penalty_trend,0.05430833666062318
2026-01,momentum_crowding_penalty_trend,0.20856637672706513
2026-02,momentum_crowding_penalty_trend,0.026341810803677257
2026-03,momentum_crowding_penalty_trend,-0.042102552493804346
2026-04,momentum_crowding_penalty_trend,0.06161648525658392
2026-05,momentum_crowding_penalty_trend,0.09098254491833058
2026-06,momentum_crowding_penalty_trend,-0.012614308773552851
2026-07,momentum_crowding_penalty_trend,-0.11751954860868996
2026-08,momentum_crowding_penalty_trend,-0.010084819358666564
2026-09,momentum_crowding_penalty_trend,-0.010244176576302277
2018-02,momentum_top_quantile,-0.021123044231277643
2018-03,momentum_top_quantile,-0.009657156199522565
2018-04,momentum_top_quantile,-0.0033688702572751694
2018-05,momentum_top_quantile,0.009425698963209106
2018-06,momentum_top_quantile,-0.0113371760027976
2018-07,momentum_top_quantile,0.02057097977207234
2018-08,momentum_top_quantile,-0.05475335105107271
2018-09,momentum_top_quantile,0.008841235534110314
2018-10,momentum_top_quantile,-0.04434620961650637
2018-11,momentum_top_quantile,0.001510151379138458
2018-12,momentum_top_quantile,-0.032373852856148355
2019-01,momentum_top_quantile,0.01967156390420377
2019-02,momentum_top_quantile,0.08262099449559157
2019-03,momentum_top_quantile,0.053633199369903295
2019-04,momentum_top_quantile,-0.020917304115227298
2019-05,momentum_top_quantile,-0.0121252630088593
2019-06,momentum_top_quantile,0.015157473209284067
2019-07,momentum_top_quantile,-0.00032418135220646516
2019-08,momentum_top_quantile,-0.008907348864354847
2019-09,momentum_top_quantile,-0.004028913128097611
2019-10,momentum_top_quantile,-0.009807675971969965
2019-11,momentum_top_quantile,-0.017409474044913886
2019-12,momentum_top_quantile,0.03390164488741343
2020-01,momentum_top_quantile,0.015337715471818836
2020-02,momentum_top_quantile,-0.016203045577304676
2020-03,momentum_top_quantile,-0.039411972492494396
2020-04,momentum_top_quantile,0.06695393284266271
2020-05,momentum_top_quantile,0.0047647742842593654
2020-06,momentum_top_quantile,0.0698304601688442
2020-07,momentum_top_quantile,0.1592630759924727
2020-08,momentum_top_quantile,0.04519697121537147
2020-09,momentum_top_quantile,-0.056537206407170415
2020-10,momentum_top_quantile,-0.005653829212032946
2020-11,momentum_top_quantile,0.04309390271998459
2020-12,momentum_top_quantile,0.005899348658265247
2021-01,momentum_top_quantile,-0.018303568677187965
2021-02,momentum_top_quantile,0.0038438381599943394
2021-03,momentum_top_quantile,-0.018252102444901497
2021-04,momentum_top_quantile,-0.0012027831063845529
2021-05,momentum_top_quantile,0.031404195643657484
2021-06,momentum_top_quantile,0.06181700280276137
2021-07,momentum_top_quantile,-0.03288558064706759
2021-08,momentum_top_quantile,-0.006782886211596395
2021-09,momentum_top_quantile,0.011266047125567669
2021-10,momentum_top_quantile,0.0005736724347977784
2021-11,momentum_top_quantile,0.03921952206335044
2021-12,momentum_top_quantile,-0.005872921719002333
2022-01,momentum_top_quantile,-0.05857647089976559
2022-02,momentum_top_quantile,0.031151076379542175
2022-03,momentum_top_quantile,-0.020331748942427175
2022-04,momentum_top_quantile,-0.040202546564643726
2022-05,momentum_top_quantile,0.08166569610068697
2022-06,momentum_top_quantile,0.02509558606958162
2022-07,momentum_top_quantile,0.017939156194165085
2022-08,momentum_top_quantile,-0.010643016013491713
2022-09,momentum_top_quantile,-0.06122532138534531
2022-10,momentum_top_quantile,0.03583876437649258
2022-11,momentum_top_quantile,-0.01609985075898379
2022-12,momentum_top_quantile,-0.019342130246076783
2023-01,momentum_top_quantile,0.03128113451626957
2023-02,momentum_top_quantile,-0.0025737890204086122
2023-03,momentum_top_quantile,0.010033564838154652
2023-04,momentum_top_quantile,0.010831222106475247
2023-05,momentum_top_quantile,-0.021546413405123754
2023-06,momentum_top_quantile,0.01100487201600453
2023-07,momentum_top_quantile,0.01685058697360975
2023-08,momentum_top_quantile,-0.011049587595464039
2023-09,momentum_top_quantile,-0.0202542914477033
2023-10,momentum_top_quantile,-0.04399363489760111
2023-11,momentum_top_quantile,0.014443487038481528
2023-12,momentum_top_quantile,-0.002898821431727927
2024-01,momentum_top_quantile,-0.03630897335635408
2024-02,momentum_top_quantile,0.04379364470948044
2024-03,momentum_top_quantile,0.023754554674519257
2024-04,momentum_top_quantile,0.012462362265315496
2024-05,momentum_top_quantile,-0.010360467683580787
2024-06,momentum_top_quantile,-0.02758382447444918
2024-07,momentum_top_quantile,-0.0007872505385058126
2024-08,momentum_top_quantile,-0.007242293558997526
2024-09,momentum_top_quantile,0.024588142085109954
2024-10,momentum_top_quantile,-0.0009037432834835268
2024-11,momentum_top_quantile,0.0028030786579305023
2024-12,momentum_top_quantile,-0.01717279350575418
2025-01,momentum_top_quantile,0.009290733456063904
2025-02,momentum_top_quantile,0.030168081733265684
2025-03,momentum_top_quantile,0.005493641072862099
2025-04,momentum_top_quantile,-0.03140669117549422
2025-05,momentum_top_quantile,0.003583663609123544
2025-06,momentum_top_quantile,0.018659086343568276
2025-07,momentum_top_quantile,0.0046546187749259005
2025-08,momentum_top_quantile,0.11478566368610355
2025-09,momentum_top_quantile,0.026537294995512495
2025-10,momentum_top_quantile,-0.017022985505932176
2025-11,momentum_top_quantile,-0.028415112218110994
2025-12,momentum_top_quantile,0.05065839778296066
2026-01,momentum_top_quantile,0.21988620503813117
2026-02,momentum_top_quantile,0.013724889516385064
2026-03,momentum_top_quantile,-0.1007120752739904
2026-04,momentum_top_quantile,0.0761520340026649
2026-05,momentum_top_quantile,0.0682901182618525
2026-06,momentum_top_quantile,-0.03500260071120287
2026-07,momentum_top_quantile,-0.12035789503883543
2026-08,momentum_top_quantile,-0.0010466657469418994
2026-09,momentum_top_quantile,-0.014506339239834354
